13FOREST Gallery,gallery - commercial,https://13forest.com/,BOS,Arlington,"167A Massachusetts Ave, Arlington, MA 02474",,https://www.google.com/maps/search/?api=1&query=167A+Massachusetts+Ave%2C+Arlington%2C+MA+02474,Proposals accepted via email per ArtsArlington; details vary by show; confirm with gallery.,"Curated gallery presenting contemporary art and craft, with rotating 6-8 week exhibitions.",,,unclaimed,,13forest.com,
4th Floor Artists Open Studios @ Sandpaper Factory,open studios,https://www.4thfloorartists.com/,BOS,Rockland,"83 East Water St, Rockland, MA 02370",,https://www.google.com/maps?q=83%20East%20Water%20St%2C%20Rockland%2C%20MA%2002370,Primarily for resident artists across Sandpaper Factory/ET Wright/Arnold Shoeworks; join 4FA for participation.,Bi-annual open studios in a historic mill; meet artists and buy directly.,https://www.facebook.com/4thFloorArtists/,,unclaimed,,4thfloorartists.com,
Six Bridges Gallery,association,https://6bridges.gallery/,BOS,Maynard,"77 Main St, Maynard, MA 01754",Drive or FRTA bus,https://www.google.com/maps/search/?api=1&query=77+Main+St%2C+Maynard%2C+MA+01754,Clear prospectus pages; standard 60/40 artist/gallery split on sales for many shows.,Co-op gallery with regular juried shows and strong local support.,,,unclaimed,,6bridges.gallery,
Abbot Public Library (Marblehead) - Carten Gallery,library,https://abbotlibrary.org,BOS,Marblehead,"235 Pleasant St, Marblehead, MA 01945",MBTA bus (via Salem) + drive,https://www.google.com/maps/search/?api=1&query=235+Pleasant+St%2C+Marblehead%2C+MA+01945,Gallery news via library channels; contact for proposal windows; details posted per show.,Reopened facility with the Carten Gallery hosting contemporary exhibits.,https://www.facebook.com/AbbotLibraryMarblehead/,https://www.facebook.com/AbbotLibraryMarblehead/,unclaimed,,abbotlibrary.org,
Arlington Center for the Arts (ACA) - Gibbs Gallery,association,https://www.acarts.org,BOS,Arlington,"20 Academy St, Arlington, MA 02476",MBTA Bus; near Mass Ave,https://www.google.com/maps/search/?api=1&query=20+Academy+St%2C+Arlington%2C+MA+02476,,,,,unclaimed,,acarts.org,
Arlington Open Studios (ACA),open studios,https://www.acarts.org/arlington-open-studios,BOS,Arlington,Arlington Town Hall & Central School + satellite sites,MBTA Bus along Mass Ave,https://www.google.com/maps/search/?api=1&query=Arlington+Town+Hall+%26+Central+School+%2B+satellite+sites,,,,,unclaimed,,acarts.org,/arlington-open-studios
Acton Memorial Library - Meeting Room Gallery,library,https://www.actonmemoriallibrary.org/services/art-exhibitions/,BOS,Acton,"486 Main St, Acton, MA 01720",MBTA Commuter Rail (South Acton) + bus/ride,https://www.google.com/maps/search/?api=1&query=486+Main+St%2C+Acton%2C+MA+01720,Annual call invites MA artists for solo shows; straightforward application and schedule.,Monthly exhibits in the library's Meeting Room Gallery with artist receptions.,,,unclaimed,,actonmemoriallibrary.org,
Howard Yezerski Gallery,gallery - commercial,https://andersonyezerski.com/,BOS,Boston - South End,"460 Harrison Ave, A16, Boston, MA 02118",,https://www.google.com/maps/search/?api=1&query=460+Harrison+Ave%2C+A16%2C+Boston%2C+MA+02118,,,,,unclaimed,,andersonyezerski.com,
The Art Complex Museum,gallery - non-profit,https://artcomplex.org/,BOS,Duxbury,"189 Alden Street, Duxbury, MA 02332",,https://www.google.com/maps/search/?api=1&query=189+Alden+Street%2C+Duxbury%2C+MA+02332,,,,,unclaimed,,artcomplex.org,
Artfinder (online marketplace),online,https://www.artfinder.com/sell/#/,BOS,Online,N/A,,N/A,Commission 40-45% depending on seller plan. Listing is free. Lead time ongoing.,Curated online marketplace for original art (EU/US).,,,unclaimed,,artfinder.com,
Artisans Asylum (makerspace),association,https://www.artisansasylum.com/gallerya2,BOS,Boston - Allston,"96 Holton St, Boston, MA 02135",,https://www.google.com/maps/search/?api=1&query=96+Holton+St%2C+Boston%2C+MA+02135,Opportunities are program-based; inquire for proposals and exhibit windows.,Large makerspace with occasional galleries/exhibitions and public events.,,,unclaimed,,artisansasylum.com,
Artisans Way,store,https://www.artisansway.net/,BOS,Concord,"18 Walden St, Concord, MA 01742",,https://www.google.com/maps/search/?api=1&query=18+Walden+St%2C+Concord%2C+MA+01742,,,,,unclaimed,,artisansway.net,
ArtLifting (corporate & retail),gallery - non-profit,https://www.artlifting.com/,BOS,Online,N/A,,N/A,Artist earnings model: 55% of profit to artist; 1% to art groups; remainder to operations. Intake via partner programs; curated.,Social enterprise placing art by artists impacted by homelessness/disability with corporate & retail buyers.,,,unclaimed,,artlifting.com,
Arlington Town Hall Galleries (ACAC),gallery - non-profit,https://artsarlington.org/call-for-artists/,BOS,Arlington,"730 Massachusetts Ave, Arlington, MA 02476",,https://www.google.com/maps?q=730%20Massachusetts%20Ave%2C%20Arlington%2C%20MA%2002476,Art shown: regional 2D/3D exhibitions in civic spaces; themes community-focused and contemporary. Scale small to medium with public building constraints; price band N/A; sales artist-direct if allowed.,Rotating exhibitions in Town Hall spaces curated by Arlington Commission for Arts & Culture; visible civic venue.,,,unclaimed,,artsarlington.org,
Arts at the Armory,cafe-restaurant,https://artsatthearmory.org/our-programs/rotating-exhibits/    ,BOS,Somerville,"191 Highland Ave, Somerville, MA 02143",,https://www.google.com/maps/search/?api=1&query=191+Highland+Ave%2C+Somerville%2C+MA+02143,No application fee; sales commission 20%; shows run ~1-2 months; typical scheduling 2-8 months out. Insurance: N/A in FAQ.,Community cafÃ©/gallery with rotating exhibits; steady event traffic.,,,unclaimed,,artsatthearmory.org,
Arts Collaborative Medford (ACM) - Gallery,gallery - non-profit,https://artscollabmedford.org/wmos-update,BOS,Medford,"48 Mystic St, Medford, MA 02155 (ACM HQ)",MBTA Bus; near Medford Square,https://www.google.com/maps/search/?api=1&query=48+Mystic+St%2C+Medford%2C+MA+02155+%28ACM+HQ%29,,,,,unclaimed,,artscollabmedford.org,
Arts League of Lowell - ALL Arts Gallery,association,https://www.artsleagueoflowell.org/gallery/,BOS,Lowell,"307 Market St, Lowell, MA 01852",,https://www.google.com/maps?q=307%20Market%20St%2C%20Lowell%2C%20MA%2001852,Membership and open calls are posted regularly; read each call for terms.,Active association gallery with frequent themed juried shows.,https://www.facebook.com/artsleagueoflowell/,,unclaimed,,artsleagueoflowell.org,
Plymouth Center for the Arts,association,https://www.artsplymouth.org/future-exhibits,BOS,Plymouth,"11 North St, Plymouth, MA 02360",,https://www.google.com/maps?q=11%20North%20St%2C%20Plymouth%2C%20MA%2002360,Open calls throughout the year; commissions/fees vary by show.,Busy nonprofit gallery complex hosting frequent juried/member exhibitions.,,,unclaimed,,artsplymouth.org,
The W Gallery (Arts Wayland),gallery - non-profit,https://artswayland.com/pages/on-line-submission-members-salons,BOS,Wayland,"57 Andrew Ave, Wayland, MA 01778",,https://www.google.com/maps/search/?api=1&query=57+Andrew+Ave%2C+Wayland%2C+MA+01778,Open calls for exhibits and markets; review each call page for fees and sales terms.,Community gallery with rotating exhibits and artisan markets; active local arts programming.,,,unclaimed,,artswayland.com,
Ashland Public Library,library,https://www.ashlandmass.com/589/Art-in-the-Library,BOS,Ashland,"66 Front St, Ashland, MA 01721",,https://www.google.com/maps?q=66%20Front%20St%2C%20Ashland%2C%20MA%2001721,Exhibit policy in effect; exhibits of a purely commercial nature are not accepted.,Rotating community exhibits in library spaces.,https://www.facebook.com/AshlandPublicLibraryMA/,,unclaimed,,ashlandmass.com,
Atlantic Works Gallery,gallery - non-profit,https://atlanticworks.org/,BOS,Boston,"80 Border St, East Boston, MA 02128",,https://www.google.com/maps/search/?api=1&query=80%20Border%20St%2C%20East%20Boston%2C%20MA%2002128,Accepts proposals; member+guest formats; Third Thursday receptions.,Monthly exhibitions in a member-run gallery on East Boston's waterfront.,https://www.facebook.com/AtlanticWorksGallery/,https://www.facebook.com/AtlanticWorksGallery/,unclaimed,,atlanticworks.org,
Attleboro Arts Museum,gallery - non-profit,https://attleboroartsmuseum.org/members-exhibition/,BOS,Attleboro,"86 Park St, Attleboro, MA 02703",,https://www.google.com/maps?q=86%20Park%20St%2C%20Attleboro%2C%20MA%2002703,Opportunities via juried calls and themed exhibits; terms vary per prospectus.,Regional museum with contemporary exhibitions and community programs.,,,unclaimed,,attleboroartsmuseum.org,
A Z Fine Arts Gallery,store,https://www.azfineartgallery.com/,BOS,Newton,"199 Boylston St, Chestnut Hill, MA 02467",,https://www.google.com/maps/search/?api=1&query=199+Boylston+St%2C+Chestnut+Hill%2C+MA+02467,,,,,unclaimed,,azfineartgallery.com,
Bacon Free Library (Natick),library,https://baconfreelibrary.org/artexhibitpolicy/,BOS,Natick,"58 Eliot St, Natick, MA 01760",,https://www.google.com/maps?q=58%20Eliot%20St%2C%20Natick%2C%20MA%2001760,Contact staff to propose exhibits; terms set by library policy.,Historic branch library hosting rotating displays.,,,unclaimed,,baconfreelibrary.org,
Bedford Free Public Library,library,https://bedfordlibrary.net/events/art-exhibits/,BOS,Bedford,"7 Mudge Way, Bedford, MA 01730",,https://www.google.com/maps/search/?api=1&query=7+Mudge+Way%2C+Bedford%2C+MA+01730,Art shown: community 2D/photography and occasional craft depending on calendar. Themes often local/regional. Scale small to medium with library hanging systems; price band N/A (artist-direct if permitted).,Bedford Free Public Library - Exhibits hosts rotating community art displays; good local visibility.,,,unclaimed,,bedfordlibrary.net,
Behind VA Shadows Gallery,gallery - non-profit,https://behindvashadows.com/,BOS,Cambridge,"2 Linden St, Cambridge, MA 02138",,https://www.google.com/maps/search/?api=1&query=2+Linden+St%2C+Cambridge%2C+MA+02138,,,,,unclaimed,,behindvashadows.com,
Belmont Gallery of Art (BGA),association,https://www.belmontgallery.org/,BOS,Belmont,"19 Moore St, 3rd Floor, Belmont, MA 02478",,https://www.google.com/maps/search/?api=1&query=19+Moore+St%2C+3rd+Floor%2C+Belmont%2C+MA+02478,,,,,unclaimed,,belmontgallery.org,
Belmont Gallery of Art (BGA),gallery - non-profit,https://www.belmontgallery.org/category/artist-calls-and-info/artist-calls-and-info-current/,BOS,Belmont,"Homer Municipal Building, 19 Moore St (3rd floor), Belmont, MA 02478",MBTA Commuter Rail (Belmont Center),https://www.google.com/maps/search/?api=1&query=Homer+Municipal+Building%2C+19+Moore+St+%283rd+floor%29%2C+Belmont%2C+MA+02478,,,,,unclaimed,,belmontgallery.org/category/artist-calls-and-info/artist-calls-and-info-current/,
Gallery @ BMC,association,https://www.belmontmedia.org/gallery,BOS,Belmont,"9 Lexington St, Belmont, MA 02478",,https://www.google.com/maps/search/?api=1&query=9+Lexington+St%2C+Belmont%2C+MA+02478,,,,,unclaimed,,belmontmedia.org,
Belmont Public Library,library,https://belmontpubliclibrary.net/about/policies/exhibit-display-policy/,BOS,Belmont,"336 Concord Ave, Belmont, MA 02478",CR Fitchburg Line (Belmont Center) + bus,https://www.google.com/maps/search/?api=1&query=336+Concord+Ave%2C+Belmont%2C+MA+02478,,,,,unclaimed,,belmontpubliclibrary.net,
Beth Urdang Gallery,gallery - commercial,https://www.bethurdanggallery.com/index.html,BOS,Wellesley,"15 Central St, Wellesley, MA 02482",,https://www.google.com/maps/search/?api=1&query=15+Central+St%2C+Wellesley%2C+MA+02482,,,,,unclaimed,,bethurdanggallery.com,
Beverly Public Library,library,https://beverlypubliclibrary.org/events/art-exhibits/,BOS,Beverly,"32 Essex St, Beverly, MA 01915",Commuter Rail (Newburyport/Rockport to Beverly),https://www.google.com/maps/search/?api=1&query=32+Essex+St%2C+Beverly%2C+MA+01915,Apply via Exhibit Application; library does not broker sales; artist handles inquiries.,Monthly exhibits in library spaces; free and open to the public.,,,unclaimed,,beverlypubliclibrary.org,
BHCC Art Galleries (Bunker Hill Community College),gallery - non-profit,https://www.bhcc.edu/artgallery/,BOS,Boston,"250 New Rutherford Ave, Boston, MA 02129",,https://www.google.com/maps?q=250%20New%20Rutherford%20Ave%2C%20Boston%2C%20MA%2002129,Art shown: contemporary exhibitions across 2D/3D and lens-based media. Themes vary by curator and program. Gallery scale; sales N/A unless show-specific.,On-campus galleries with contemporary exhibitions and student/faculty shows; short walk from Community College station.,,,unclaimed,,bhcc.edu,
Black Owned Bos. - Seaport Market (season),market,https://www.blackownedbos.com/vending,BOS,Boston - Seaport,"111 Harbor Way, Boston, MA 02210",MBTA Silver Line (Courthouse/Seaport),https://www.google.com/maps/search/?api=1&query=111+Harbor+Way%2C+Boston%2C+MA+02210,,,,,unclaimed,,blackownedbos.com,
Bolton Public Library,library,https://www.boltonpubliclibrary.org/art-gallery,BOS,Bolton,"738 Main St, Bolton, MA 01740",,https://www.google.com/maps/search/?api=1&query=738+Main+St%2C+Bolton%2C+MA+01740,Art shown: N/A. Themes: N/A. Size/installation constraints: N/A. Beginner-friendly note: libraries often showcase emerging artists; specifics set by staff.,Bolton public library with community display areas; steady local foot traffic.,,,unclaimed,,boltonpubliclibrary.org,
Boston City Hall Galleries (Mayor's/Scollay Sq),gallery - non-profit,https://www.boston.gov/departments/arts-and-culture,BOS,Boston,"1 City Hall Square, Boston, MA 02201",,https://www.google.com/maps?q=1%20City%20Hall%20Square%2C%20Boston%2C%20MA%2002201,Periodic calls via the Mayor's Office of Arts & Culture; sales vary by show.,City-run gallery spaces with rotating exhibitions in City Hall.,,,unclaimed,,boston.gov/arts-culture,
Boston Art (consultancy),online,https://www.bostonartinc.com/,BOS,Online,N/A,,N/A,"Accepts portfolio submissions (CV, statement, price list, images). Commission/fees not posted. Lead time project-based.","Established consultancy curating/inÂ­stalling art for corporate, healthcare, hospitality, residential.",,,unclaimed,,bostonartinc.com,
Boston Center for the Arts - Mills Gallery,gallery - non-profit,https://bostonarts.org/experiences/exhibitions/,BOS,Boston,"551 Tremont St, Boston, MA 02116",,https://www.google.com/maps?q=551%20Tremont%20St%2C%20Boston%2C%20MA%2002116,Art shown: contemporary exhibitions across media including installation and performance. Themes often socially engaged and experimental. Gallery scale; price band N/A; sales vary by program.,Flagship contemporary gallery at the BCA with artist programs and exhibitions; central to SoWa cluster.,,,unclaimed,,bostonarts.org,
Boston Cyberarts Gallery,gallery - non-profit,https://www.bostoncyberarts.org/,BOS,Jamaica Plain,"141 Green St, Jamaica Plain, MA 02130",,https://www.google.com/maps/search/?api=1&query=141+Green+St%2C+Jamaica+Plain%2C+MA+02130,,,,,unclaimed,,bostoncyberarts.org,
Boston Sculptors Gallery  LaunchPad,gallery - non-profit,https://www.bostonsculptors.com/,BOS,Boston - South End,"486 Harrison Ave, Boston, MA 02118",,https://www.google.com/maps/search/?api=1&query=486+Harrison+Ave%2C+Boston%2C+MA+02118,LaunchPad solo: $605 exhibition fee; sales split 60% artist / 40% gallery; hand delivery required. Calls open periodically.,Sculpture gallery hosting member & guest shows; LaunchPad for non-members.,,,unclaimed,,bostonsculptors.com,
Brickbottom Gallery (Brickbottom Artists Association),association,https://brickbottom.org/open-studios-participants,BOS,Somerville,"1 Fitchburg St, Somerville, MA 02143",MBTA Orange Line (Sullivan) + walk/bus,https://www.google.com/maps/search/?api=1&query=1+Fitchburg+St%2C+Somerville%2C+MA+02143,Accepting exhibition proposals (reviewed quarterly). Also gallery preview show during Open Studios.,Nonprofit gallery inside a historic live/work artist complex; monthly shows + annual Brickbottom Open Studios.,,,unclaimed,,brickbottom.org,
Bromfield Gallery,gallery - non-profit,https://www.bromfieldgallery.com/artist-opportunities,BOS,Boston,"450 Harrison Ave, Boston, MA 02118",,https://www.google.com/maps?q=450%20Harrison%20Ave%2C%20Boston%2C%20MA%2002118,Membership and visiting-artist submissions by email; see site for specs.,Historic artist-run gallery in SoWa with monthly shows.,,https://www.instagram.com/bromfieldgallery/,unclaimed,,bromfieldgallery.com,
Brookline Public Library - Main Library/Hunneman Hall & cases,library,https://www.brooklinelibrary.org/events/exhibits/,BOS,Brookline,"361 Washington St, Brookline, MA 02445",MBTA Green Line (D) Brookline Village,https://www.google.com/maps/search/?api=1&query=361+Washington+St%2C+Brookline%2C+MA+02445,,,,,unclaimed,,brooklinelibrary.org,
Burlington Public Library,library,https://www.burlingtonpubliclibrary.org/403/Apply-for-the-Display-Cases-or-Art-Galle,BOS,Burlington,"22 Sears St, Burlington, MA 01803",,https://www.google.com/maps/search/?api=1&query=22+Sears+St%2C+Burlington%2C+MA+01803,Art shown: community 2D/photography displays; themes vary. Small-to-medium scale; price band N/A.,Suburban library with display walls/cases and steady traffic.,,,unclaimed,,burlingtonpubliclibrary.org,
Cambridge Art Association - Kathryn Schultz & University Place Galleries,association,https://www.cambridgeart.org/,BOS,Cambridge,"25R Lowell St, Cambridge, MA 02138",,https://www.google.com/maps/search/?api=1&query=25R+Lowell+St%2C+Cambridge%2C+MA+02138,"Open calls (e.g., National Prize Show) and member shows. Sales commission varies: Non-member 50% to gallery; Artist Member 33% to gallery (artist keeps 67%). Fees vary by call (e.g., NPS $30 member). Insurance: N/A. Lead time per show.","Artist-membership nonprofit with two galleries; juried, member, and prize shows.",,,unclaimed,,cambridgeart.org,
Cambridge Arts - Gallery 344,gallery - non-profit,https://www.cambridgema.gov/arts/publicart/gallery344,BOS,Cambridge,"344 Broadway, Cambridge, MA 02139",,https://www.google.com/maps/search/?api=1&query=344+Broadway%2C+Cambridge%2C+MA+02139,Curated by Cambridge Arts. No regular open submissions; sales not the focus. Commission/fees/insurance: N/A.,City-run gallery focused on public art & design; not a sales venue.,,,unclaimed,,cambridgema.gov/arts/publicart/gallery344,
Cambridge Arts River Festival,market,https://www.cambridgema.gov/arts/Programs/riverfestival/vendorscommunitytables,BOS,Cambridge,"Cambridge, MA (festival route varies)",,https://www.google.com/maps?q=Cambridge%20River%20Festival%20Cambridge%20MA,Annual vendor and exhibit calls; review the call each season for terms/eligibility.,"Large outdoor arts festival with artists' market, stages, and public art.",https://www.facebook.com/CambridgeArtsCouncil/,,unclaimed,,cambridgema.gov/market,
Cambridge Arts,public art,https://www.cambridgema.gov/arts/publicart,BOS,Cambridge,"344 Broadway, Cambridge, MA 02139",,https://www.google.com/maps?q=344%20Broadway%2C%20Cambridge%2C%20MA%2002139,Central page for current calls and artist resources; eligibility varies by project.,"City arts agency producing exhibitions and public art (Gallery 344, projects, festivals).",,,unclaimed,,cambridgema.gov/arts,
Cary Memorial Library - Galleries,library,https://www.carylibrary.org/art,BOS,Lexington,"1874 Massachusetts Ave, Lexington, MA 02420",,https://www.google.com/maps?q=1874%20Massachusetts%20Ave%2C%20Lexington%2C%20MA%2002420,Rolling applications; gallery shows typically two months; Town does not insure artwork; teen gallery has 0% commission.,Rotating exhibits across multiple gallery areas; free public access.,,,unclaimed,,carylibrary.org,
Charles Fine Art,gallery - commercial,https://charlesfinearts.com/,BOS,Gloucester,"196 Main St, Gloucester, MA 01930",,https://www.google.com/maps/search/?api=1&query=196+Main+St%2C+Gloucester%2C+MA+01930,,,,,unclaimed,,charlesfinearts.com,
Brighton Bazaar Night Market @ The Speedway,market,https://charlesriverspeedway.com/event/brighton-bazaar-night-market/,BOS,Allston-Brighton,"525 Western Ave, Boston, MA 02135",,https://www.google.com/maps/search/?api=1&query=525+Western+Ave%2C+Boston%2C+MA+02135,Apply via Linktree/IG. Fees vary by event (not centrally posted). Insurance: N/A. Lead time monthly/seasonal.,Night bazaars/pop-ups with 100+ vendors at the Speedway.,,,unclaimed,,charlesriverspeedway.com,
Chelmsford Center for the Arts (CCA),gallery - non-profit,https://www.chelmsfordarts.org/gallery,BOS,Chelmsford,"1A North Rd, Chelmsford, MA 01824",,https://www.google.com/maps?q=1A%20North%20Rd%2C%20Chelmsford%2C%20MA%2001824,Calls and gallery proposals announced via site/social; terms vary.,"Town arts center with gallery exhibitions, concerts, and events.",https://www.facebook.com/ChelmsfordArts/,,unclaimed,,chelmsfordarts.org,
Chelmsford Art Society,association,https://chelmsfordartsociety.com/membership/,BOS,Chelmsford,Various venues (Chelmsford),,https://www.google.com/maps/search/?api=1&query=Various+venues+%28Chelmsford%29,Membership-based exhibiting; calls posted on site/social.,Local arts society producing member/juried exhibits and events.,,,unclaimed,,chelmsfordartsociety.com,
Chelsea Prospers - Public Art Calls,public art,https://www.chelseaprospers.org/gallery456,BOS,Chelsea,"456 Broadway, Chelsea, MA 02150",,https://www.google.com/maps/search/?api=1&query=456+Broadway%2C+Chelsea%2C+MA+02150,Artists apply to themed calls; terms vary by project.,City cultural initiative producing murals and public-art activations.,https://www.facebook.com/chelseaprospers/,,unclaimed,,chelseaprospers.org,
Clark Gallery,gallery - commercial,https://www.clarkgallery.com/,BOS,Lincoln,"162 Lincoln Rd, Lincoln, MA 01773",,https://www.google.com/maps/search/?api=1&query=162+Lincoln+Rd%2C+Lincoln%2C+MA+01773,,,,,unclaimed,,clarkgallery.com,
Robert Collins Gallery of Fine Art,gallery - commercial,https://collinsgalleries.com/about,BOS,Rockport,"28 Bearskin Neck, Rockport, MA 01966",,https://www.google.com/maps/search/?api=1&query=28+Bearskin+Neck%2C+Rockport%2C+MA+01966,,,,,unclaimed,,collinsgalleries.com,
Concord Art (Concord Center for Visual Arts),gallery - non-profit,https://concordart.org/contact/,BOS,Concord,"37 Lexington Rd, Concord, MA 01742",,https://www.google.com/maps?q=37%20Lexington%20Rd%2C%20Concord%2C%20MA%2001742,"Frequent calls (e.g., juried shows); commission per prospectus.",Historic art center with strong exhibition program in Concord Center.,,,unclaimed,,concordart.org/contact,
Coolidge Corner Arts Festival,market,https://www.coolidgecornerartsfestival.com/,BOS,Brookline - Coolidge Corner,Coolidge Corner area (event footprint varies),MBTA Green Line (C) Coolidge Corner,https://www.google.com/maps/search/?api=1&query=Coolidge+Corner+area+%28event+footprint+varies%29,,,,,unclaimed,,coolidgecornerartsfestival.com,
Custom Art Framing & Gallery,store,https://www.customartframing.com/,BOS,Norwood,"45 Central St, Norwood, MA 02062",,https://www.google.com/maps/search/?api=1&query=45+Central+St%2C+Norwood%2C+MA+02062,,,,,unclaimed,,customartframing.com,
Danvers Art Association - Members' Gallery,association,https://thedanversartassociation.org/call-for-art,BOS,Danvers,"105 Elliott St, Danvers, MA 01923",,https://www.google.com/maps?q=105%20Elliott%20St%2C%20Danvers%2C%20MA%2001923,Join the association to participate in members' shows; watch site for any open calls.,Local association with a gallery and seasonal exhibits in a historic schoolhouse.,https://www.facebook.com/danversart/,,unclaimed,,danversart.org,
"David Hall Gallery, LLC",gallery - commercial,https://davidhallgallery.com/,BOS,Wellesley,"555 Washington St, Wellesley, MA 02482",,https://www.google.com/maps/search/?api=1&query=555+Washington+St%2C+Wellesley%2C+MA+02482,,,,,unclaimed,,davidhallgallery.com,
Dedham Art Association,association,https://www.dedhamartassociation.com/exhibits,BOS,Dedham,https://www.dedhamartassociation.com/exhibits,MBTA bus; CR nearby,https://www.google.com/maps/search/?api=1&query=https%3A%2F%2Fwww.dedhamartassociation.com%2Fexhibits,,,,,unclaimed,,dedhamartassociation.com,
Diesel Café,cafe-restaurant,https://diesel-cafe.com/,BOS,Somerville,"257 Elm St, Somerville, MA 02144",,https://www.google.com/maps/search/?api=1&query=257+Elm+St%2C+Somerville%2C+MA+02144,Displays local artists; submission details not fully public. Commission/fees/insurance: N/A. Lead time: scheduled.,Lively cafÃ© with rotating â€˜On View' art exhibits.,,,unclaimed,,diesel-cafe.com,
Downtown Boston Arts Market (Downtown Crossing),market,https://www.downtownboston.org/event/downtown-boston-arts-market,BOS,Boston,"Summer St Plaza (between Macy's & Roche Bros.), Boston, MA",All MBTA lines converge (Park/Downtown),https://www.google.com/maps/search/?api=1&query=Summer+St+Plaza+%28between+Macy%27s+%26+Roche+Bros.%29%2C+Boston%2C+MA,Apply via Marketspread/Downtown Boston Alliance; booth fees vary by date/location; high foot traffic in MBTA hub; bring COI if required.,"Weekly open-air marketplace featuring artisans and makers in the heart of Downtown Crossing, May-Oct; free to browse.",https://www.facebook.com/downtownboston/,https://www.instagram.com/downtownboston/,unclaimed,,downtownboston.org,
Dream House Gallery & Boutique,store,https://dreamhouserockport.com/,BOS,Rockport,"4 Bearskin Neck, Rockport, MA 01966",,https://www.google.com/maps/search/?api=1&query=4+Bearskin+Neck%2C+Rockport%2C+MA+01966,,,,,unclaimed,,dreamhouserockport.com,
DTR Modern,gallery - commercial,https://www.dtrmodern.com/,BOS,Boston,"167 Newbury St, Boston, MA 02116",,https://www.google.com/maps/search/?api=1&query=167+Newbury+St%2C+Boston%2C+MA+02116,,,,,unclaimed,,dtrmodern.com,
Duxbury Art Association (DAA) / Winter Juried Show,association,https://www.duxburyart.org/membership,BOS,Duxbury,"189 Alden St, Duxbury, MA 02332",,https://www.google.com/maps/search/?api=1&query=Duxbury+Art+Association,Credible jurying; solid audience; craft and fine art opportunities.,Well-attended South Shore juried shows hosted at the Art Complex Museum.,,,unclaimed,,duxburyart.org,
Essex County Greenbelt - Art in the Barn,market,https://www.ecga.org/artinthebarn,BOS,Essex,"82 Eastern Ave, Essex, MA 01929",,https://www.google.com/maps?q=82%20Eastern%20Ave%2C%20Essex%2C%20MA%2001929,Annual juried sale; review prospectus for commission and logistics.,Large North Shore art sale benefiting land conservation; strong collector turnout.,,,unclaimed,,ecga.org,
Harvard Ed Portal - Crossings Gallery,gallery - non-profit,https://edportal.harvard.edu/crossings-gallery,BOS,Boston - Allston-Brighton,"224 Western Ave, Allston, MA 02134",,https://www.google.com/maps/search/?api=1&query=224+Western+Ave%2C+Allston%2C+MA+02134,Periodic calls via Submittable; currently no open calls listed. Separate Artist Pipeline Program. Sales/commission: N/A public. Lead time per call.,Community gallery showcasing Allston-Brighton/Harvard/Boston artists with programs and talks.,,,unclaimed,,edportal.harvard.edu,
Elleyo,store,https://elleyo.com/,BOS,Boston - Jamaica Plain,"146A South St, Jamaica Plain, MA 02130",,https://www.google.com/maps/search/?api=1&query=146A+South+St%2C+Jamaica+Plain%2C+MA+02130,,,,,unclaimed,,elleyo.com,
Etsy (marketplace),online,https://www.etsy.com/sell,BOS,Online,N/A,,N/A,Listing fee $0.20 per item; transaction fee 6.5% (plus processing). No curation. Lead time instant.,Massive marketplace for handmade/vintage/art prints & originals.,,,unclaimed,,etsy.com,
UFORGE Gallery,gallery - non-profit,https://www.facebook.com/uforgegallery/,BOS,Boston - Jamaica Plain,"767 Centre St, Jamaica Plain, MA 02130",,https://www.google.com/maps/search/?api=1&query=767+Centre+St%2C+Jamaica+Plain%2C+MA+02130,,,,,unclaimed,,facebook.com/uforgegallery/,
Union Square Farmers Market,market,https://www.facebook.com/unionsquaremarkets/,BOS,Somerville,"66-70 Union Square (Plaza), Somerville, MA 02143",,https://www.google.com/maps/search/?api=1&query=66-70+Union+Square+%28Plaza%29%2C+Somerville%2C+MA+02143,Juried; $30 non-refundable application fee; booth fees vary by date/space. Insurance varies by category. Seasonal lead time.,Busy Saturday market with artisan vendors; high foot traffic.,,,unclaimed,,facebook.com/unionsquaremarkets/,
Fiske Public Library (Wrentham),library,https://fiskelib.org/using-the-library/display-areas,BOS,Wrentham,"110 Randall Rd, Wrentham, MA 02093",,https://www.google.com/maps/search/?api=1&query=110+Randall+Rd%2C+Wrentham%2C+MA+02093,Art shown: community 2D/photography and occasional craft depending on calendar. Themes often local/regional. Scale small to medium with library hanging systems; price band N/A (artist-direct if permitted).,Fiske Public Library (Wrentham) - hosts rotating community art displays; good local visibility.,,,unclaimed,,fiskelib.org,
Five Crows Gallery & Handcrafted Gifts,store,https://www.fivecrows.com/,BOS,Natick,"41 Main St, Natick, MA 01760",,https://www.google.com/maps/search/?api=1&query=41+Main+St%2C+Natick%2C+MA+01760,,,,,unclaimed,,fivecrows.com,
Flint Memorial Library (North Reading),library,https://flintmemoriallibrary.org/artist-of-the-month/,BOS,North Reading,"147 Park St, North Reading, MA 01864",,https://www.google.com/maps?q=147%20Park%20St%2C%20North%20Reading%2C%20MA%2001864,Contact staff for availability and guidelines.,Displays/exhibits in library spaces.,,,unclaimed,,flintmemoriallibrary.org,
Folly Cove Fine Art,gallery - commercial,https://follycovefineart.com/,BOS,Rockport,"41 Main St, Rockport, MA 01966",,https://www.google.com/maps/search/?api=1&query=41+Main+St%2C+Rockport%2C+MA+01966,,,,,unclaimed,,follycovefineart.com,
The Gallery at Atlantic Wharf (FPAC),gallery - non-profit,https://www.fortpointarts.org/gallery-at-atlantic-wharf/,BOS,Boston,"290 Congress St, Boston, MA 02210",,https://www.google.com/maps/search/?api=1&query=290+Congress+St+Boston+MA+02210,Curated from proposals; looks for cohesive concepts; sales managed with 60/40 split (artist/FPAC).,High-visibility waterfront gallery with thematic group shows; open daily via Atlantic Wharf public hours.,,,unclaimed,,fortpointarts.org/gallery-at-atlantic-wharf,
Fort Point Open Studios (FPAC),open studios,https://www.fortpointarts.org/open-studios-2/,BOS,Boston - Fort Point/Seaport,300 Summer St / 249 A St / 70 Sleeper St and nearby buildings,MBTA Red/Silver Lines; walkable from South Station,https://www.google.com/maps/search/?api=1&query=300+Summer+St+%2F+249+A+St+%2F+70+Sleeper+St+and+nearby+buildings,,,,,unclaimed,,fortpointarts.org/open-studios-2,
FPAC Art Space at The Envoy (Fort Point Arts Community),gallery - non-profit,https://www.fortpointarts.org/programs/fpac-space-at-the-envoy-hotel/,BOS,Boston - Fort Point/Seaport,"70 Sleeper St, Boston, MA 02210",MBTA Red Line (South Station) / Silver Line (Courthouse),https://www.google.com/maps/search/?api=1&query=70+Sleeper+St%2C+Boston%2C+MA+02210,,,,,unclaimed,,fortpointarts.org/programs/fpac-space-at-the-envoy-hotel,
Midway Gallery (Midway Artist Studios),gallery - non-profit,https://www.fortpointarts.org/programs-2__trashed/galleries__trashed/midway-artist-studios/,BOS,Boston,"15 Channel Center St, Boston, MA 02210",,https://www.google.com/maps/search/?api=1&query=15+Channel+Center+St+Boston+MA+02210,Accepts proposals; align with contemporary themes and community engagement.,Gallery inside an active artist live/work building; frequent exhibitions and Fort Point tie-ins.,,,unclaimed,,fortpointarts.org/programs-2__trashed/galleries__trashed/midway-artist-studios,
Frame Center - Gallery (Hanover),gallery - commercial,https://www.framecenter.com/visit-art-gallery/,BOS,Hanover,"152 Rockland St, Hanover, MA 02339",,https://www.google.com/maps/search/?api=1&query=152+Rockland+St%2C+Hanover%2C+MA+02339,Check events/news for exhibit opportunities; contact via site.,Framing business with an active gallery hosting regular exhibits.,,,unclaimed,,framecenter.com,
Franklin Public Library - Art Exhibition Program,library,https://franklinma.viewpointcloud.com/categories/1080/record-types/6558,BOS,Franklin,"118 Main St, Franklin, MA 02038",,https://www.google.com/maps?q=118%20Main%20St%2C%20Franklin%2C%20MA%2002038,Submit application via Franklin Culture site; policy governs selection and display.,Regular exhibits in the Community Room and library spaces.,https://www.facebook.com/FranklinLibraryMA/,,unclaimed,,franklinma.gov,
JP Branch Library Gallery (Friends of JP Library),library,https://www.friendsjplibrary.org/gallery,BOS,Jamaica Plain,"30 South St, Jamaica Plain, MA 02130",,https://www.google.com/maps/search/?api=1&query=30+South+St%2C+Jamaica+Plain%2C+MA+02130,Annual Call for Proposals; BPL/Friends/Uforge do not insure; sales handled by artists (donations appreciated).,Bi-monthly 2D exhibits curated with Friends/Uforge.,,,unclaimed,,friendsjplibrary.org,
Front Street Art Gallery (Scituate Arts Association),gallery - non-profit,https://www.frontstreetartgallery.com/,BOS,Scituate,"124 Front St, Scituate, MA 02066",,https://www.google.com/maps?q=124%20Front%20St%2C%20Scituate%2C%20MA%2002066,Membership/co-op pathway and themed calls; details on site.,Juried co-op gallery in Scituate Harbor with monthly shows.,,https://www.instagram.com/frontstreetartgallery/,unclaimed,,frontstreetartgallery.com,
Fountain Street (Gallery),online,https://www.fsfaboston.com/,BOS,Boston,"460C Harrison Ave, Suite 2, Boston, MA 02118",,https://www.google.com/maps/search/?api=1&query=460C%20Harrison%20Ave%20Suite%202%2C%20Boston%2C%20MA%2002118,"Continues curated pop-ups; follow site for calls; prior suite was 460C Harrison, #2.",Contemporary gallery now operating via pop-ups and online after closing its fixed space in 2024.,,,unclaimed,,fsfaboston.com,
Galatea Fine Art,gallery - non-profit,https://www.galateafineart.com/,BOS,Boston,"460B Harrison Ave, #B-6, Boston, MA 02118",,https://www.google.com/maps/search/?api=1&query=460B%20Harrison%20Ave%20B-6%2C%20Boston%2C%20MA%2002118,Curator's Platform and juried calls; 30% commission on sales in those programs.,Large co-op showcasing New England artists; steady juried/curated programming.,https://www.facebook.com/galateafineart/,https://www.instagram.com/galateafineart/,unclaimed,,galateafineart.com,
Galleries at LynnArts (GALA),gallery - non-profit,https://www.galleriesatlynnarts.org/,BOS,Lynn,"25 Exchange St, Lynn, MA 01901",,https://www.google.com/maps/search/?api=1&query=Galleries+at+LynnArts,Good volume of calls; accessible themes; supportive install team.,Community-forward gallery with regular open-call exhibitions in downtown Lynn.,,,unclaimed,,galleriesatlynnarts.org,
Gallery 263,gallery - non-profit,https://gallery263.org/,BOS,Cambridge,"263 Pearl St, Cambridge, MA 02139",,https://www.google.com/maps/search/?api=1&query=263+Pearl+St%2C+Cambridge%2C+MA+02139,"Submissions via juried calls and exhibition proposals (Submittable). Typical call fees in recent shows: $30 (Northeast Open), $60 (Cambridge Named). No commission on sales; 30% donation suggested. Insurance: N/A. Lead time: scheduled via call windows.","Independent nonprofit gallery showing regional & national contemporary art; intimate, focused exhibitions.",,,unclaimed,,gallery263.org,
Gallery593 (Dedham Fine Art),gallery - commercial,https://gallery593.com/,BOS,Dedham,"593 High St, Dedham, MA 02026",,https://www.google.com/maps/search/?api=1&query=593+High+St%2C+Dedham%2C+MA+02026,,,,,unclaimed,,gallery593.com,
The Gallery@57,gallery - commercial,https://galleryat57.com/artistinquiry/,BOS,Malden,"57 Pleasant St, Malden, MA 02148",MBTA Orange Line (Malden Center),https://www.google.com/maps/search/?api=1&query=57+Pleasant+St%2C+Malden%2C+MA+02148,,,,,unclaimed,,galleryat57.com,
Gallery Montanaro,gallery - commercial,https://gallerymontanaro.com/,BOS,Rockport,"65 Main St, Rockport, MA 01966",,https://www.google.com/maps/search/?api=1&query=65+Main+St%2C+Rockport%2C+MA+01966,,,,,unclaimed,,gallerymontanaro.com,
Gallery NAGA,gallery - commercial,https://www.gallerynaga.com/,BOS,Boston,"67 Newbury St, Boston, MA 02116",,https://www.google.com/maps/search/?api=1&query=67%20Newbury%20St%2C%20Boston%2C%20MA%2002116,Commercial program; inquiries by email; open-call policy not posted (N/A).,Established contemporary gallery inside Church of the Covenant; painting-forward program on Newbury Street.,https://www.facebook.com/GalleryNAGA/,https://www.facebook.com/GalleryNAGA/,unclaimed,,gallerynaga.com,
Gallery Twist,gallery - commercial,https://www.gallerytwist.com/about,BOS,Lexington,"1963 Massachusetts Ave, Lexington, MA 02421",,https://www.google.com/maps/search/?api=1&query=1963+Massachusetts+Ave%2C+Lexington%2C+MA+02421,,,,,unclaimed,,gallerytwist.com,
Gateway Arts / Gateway Arts Studio & Shop,gallery - non-profit,https://gatewayarts.org/,BOS,Brookline,"60-62 Harvard St, Brookline, MA 02445",,https://www.google.com/maps/search/?api=1&query=60-62+Harvard+St%2C+Brookline%2C+MA+02445,,,,,unclaimed,,gatewayarts.org,
Georgetown Peabody Library,library,https://georgetownpl.org/services/art-exhibits/,BOS,Georgetown,"2 Maple St, Georgetown, MA 01833",Drive; nearest rail: Haverhill Line (Bradford),https://www.google.com/maps/search/?api=1&query=2+Maple+St%2C+Georgetown%2C+MA+01833,Submit via Artist Application Packet; exhibits typically run one month; sales handled by artist.,Town library with rotating art displays in public spaces.,https://www.facebook.com/GeorgetownPeabodyLibrary/,https://www.facebook.com/GeorgetownPeabodyLibrary/,unclaimed,,georgetownpl.org,
Rise Art - Online Gallery,online,https://get.riseart.com/submit/art/,BOS,Online,N/A,,N/A,Submit to curated roster; platform takes ~40-42.5% commission on sales.,Online platform for original art sales and commissions.,,,unclaimed,,get.riseart.com,
Gleason Public Library (Carlisle),library,https://gleasonlibrary.org/what-we-offer/art-at-the-gleason/,BOS,Carlisle,"22 Bedford Rd, Carlisle, MA 01741",,https://www.google.com/maps?q=22%20Bedford%20Rd%2C%20Carlisle%2C%20MA%2001741,Contact library to propose exhibits; details on site.,Community exhibits in public areas.,,,unclaimed,,gleasonlibrary.org,
Goodnow Library (Sudbury),library,https://goodnowlibrary.org/services/in-library/exhibits/,BOS,Sudbury,"21 Concord Rd, Sudbury, MA 01776",,https://www.google.com/maps?q=21%20Concord%20Rd%2C%20Sudbury%2C%20MA%2001776,Contact staff to propose exhibits; policies on site.,Rotating exhibits in library public spaces.,,,unclaimed,,goodnowlibrary.org,
Groton Public Library,library,https://gpl.org/adults/art-gallery,BOS,Groton,"Groton Public Library, Groton, MA",,https://www.google.com/maps?q=Groton%20Public%20Library%2C%20Groton%2C%20MA,Contact staff to request exhibit consideration.,Community exhibits/displays in library areas; active cultural programming.,,,unclaimed,,gpl.org,
Greater Roxbury Arts & Cultural Center (GRACC),association,https://www.graccboston.org/,BOS,Boston,"Nubian Square (project site), Boston, MA",,https://www.google.com/maps/search/?api=1&query=Nubian+Square+%28project+site%29%2C+Boston%2C+MA,,,,,unclaimed,,graccboston.org,
Grace Chapel Art Gallery,association,https://www.grace.org/artgallery/,BOS,Lexington,"59 Worthen Rd, Lexington, MA 02421",,https://www.google.com/maps/search/?api=1&query=59+Worthen+Rd%2C+Lexington%2C+MA+02421,,,,,unclaimed,,grace.org,
Griffin Museum of Photography,gallery - non-profit,https://griffinmuseum.org/membership-account/membership-levels/,BOS,Winchester,"67 Shore Rd, Winchester, MA 01890",,https://www.google.com/maps?q=67%20Shore%20Rd%2C%20Winchester%2C%20MA%2001890,"Frequent calls (e.g., Members' Juried); review individual prospectuses.",Renowned photography museum with multiple galleries and programs.,,https://www.instagram.com/griffinmuseum/,unclaimed,,griffinmuseum.org,
HallSpace,gallery - non-profit,http://www.hallspace.org/,BOS,Boston,"950 Dorchester Ave, Boston, MA 02125",,https://www.google.com/maps?q=950%20Dorchester%20Ave%2C%20Boston%2C%20MA%2002125,Curated shows with occasional proposal opportunities.,Independent gallery presenting contemporary art in Dorchester.,,,unclaimed,,hallspace.org,
Hamill Gallerie,gallery - commercial,https://www.hamillgalleries.com/,BOS,Boston,"2164 Washington St, Boston, MA 02119",,https://www.google.com/maps/search/?api=1&query=2164+Washington+St%2C+Boston%2C+MA+02119,,,,,unclaimed,,hamillgalleries.com,
Hanson Public Library,library,https://hansonlibrary.org/services/display-cases/,BOS,Hanson,"132 Maquan St, Hanson, MA 02341",,https://www.google.com/maps/search/?api=1&query=132+Maquan+St%2C+Hanson%2C+MA+02341,Art shown: N/A. Themes: N/A. Size/installation constraints: N/A. Beginner-friendly note: libraries often showcase emerging artists; specifics set by staff.,Hanson public library with community display areas; steady local foot traffic.,,,unclaimed,,hansonlibrary.org,
Harvard Square Holiday Fair (Cambridge),market,https://www.harvardsquareholidayfair.com/vendor-info,BOS,Cambridge,"Church St @ Harvard Square, Cambridge, MA 02138",,https://www.google.com/maps?q=Harvard%20Square%20Holiday%20Fair%20Cambridge%20MA,Apply each season; strong foot traffic and gift-oriented buyers.,"Well-known juried holiday market for art, craft, and design in Harvard Square.",https://www.facebook.com/HarvardSquareHolidayFair/,,unclaimed,,harvardsquareholidayfair.com,
Haverhill Public Library,library,https://haverhillpl.org/exhibit-request/,BOS,Haverhill,"99 Main St, Haverhill, MA 01830",,https://www.google.com/maps?q=99%20Main%20St%2C%20Haverhill%2C%20MA%2001830,Contact library staff to request exhibit consideration.,Displays/exhibits appear in shared areas.,,,unclaimed,,haverhillpl.org,
Helen Bumpus Gallery @ Duxbury Free Library,library,https://helenbumpusgallery.com/call-for-proposals,BOS,Duxbury,"77 Alden St, Duxbury, MA 02332",,https://www.google.com/maps?q=77%20Alden%20St%2C%20Duxbury%2C%20MA%2002332,Two-month exhibits; 60/40 artist/gallery split; gallery provides limited on-site insurance (per call).,Year-round exhibitions in the library's dedicated gallery; receptions common.,,,unclaimed,,helenbumpusgallery.com,
Hingham Public Library,library,https://www.hinghamlibrary.org/186/Art-Galleries,BOS,Hingham,"66 Leavitt St, Hingham, MA 02043",,https://www.google.com/maps?q=66%20Leavitt%20St%2C%20Hingham%2C%20MA%2002043,Propose exhibits through staff; artists handle any sales directly if permitted.,Town library with rotating exhibits in public areas.,,,unclaimed,,hinghamlibrary.org,
Holliston Public Library,library,https://www.hollistonlibrary.org/Pages/Index/182701/library-policies,BOS,Holliston,"752 Washington St, Holliston, MA 01746",,https://www.google.com/maps/search/?api=1&query=752+Washington+St%2C+Holliston%2C+MA+01746,Coordinate with staff to schedule; artist handles sales directly if permitted.,Town library with rotating displays/exhibits.,,,unclaimed,,hollistonlibrary.org,
Holmes Public Library,library,https://holmespubliclibrary.org/information/library-policies/,BOS,Halifax,"470 Plymouth St, Halifax, MA 02338",,https://www.google.com/maps/search/?api=1&query=470+Plymouth+St%2C+Halifax%2C+MA+02338,Email/call to discuss scheduling and terms.,Exhibit and display opportunities in library spaces.,,,unclaimed,,holmespubliclibrary.org,
Hopkinton Center for the Arts- Lotvin Family Gallery,association,https://www.hopartscenter.org/lotvin-gallery,BOS,Hopkinton,"98 Hayden Rowe St, Hopkinton, MA 01748",,https://www.google.com/maps?q=98%20Hayden%20Rowe%20St%2C%20Hopkinton%2C%20MA%2001748,Frequent juried calls and proposals; review each prospectus for terms.,Regional arts center with year-round exhibits in the Lotvin Family Gallery.,https://www.facebook.com/HopArtsCenter/,,unclaimed,,hopartscenter.org,
Hull Artists â€” Open Studios,association,https://hullartists.com/artist-membership/,BOS,Hull,"Hull Artists, Hull, MA",,https://www.google.com/maps?q=Hull%20Artists%2C%20Hull%2C%20MA,Participation is for member artists; buyers purchase directly at studios.,Self-guided tour of participating Hull Artists studios with work for sale.,,,unclaimed,,hullartists.com,
Hull Public Library,library,https://www.hullpubliclibrary.org/display-art-exhibits/,BOS,Hull,"9 Main St, Hull, MA 02045",,https://www.google.com/maps?q=9%20Main%20St%2C%20Hull%2C%20MA%2002045,Programming features local artists' 2D works compatible with the library's spaces. Shows are arranged with library staff and partner groups; sales are artist-direct off-site. Formal policy/application not prominently posted.,Seaside town library that hosts rotating art exhibits (often in partnership with Hull Artists); free access during library hours.,,,unclaimed,,hullpubliclibrary.org,
Humphreys Street Studios (Dorchester Open Studios),open studios,https://www.humphreysstreetstudio.com/copy-of-our-heart-group-show,BOS,Boston,"11-13 Humphreys St, Dorchester, MA 02125",,https://www.google.com/maps/search/?api=1&query=11+Humphreys+St+Dorchester+MA+02125,Primarily for resident artists; check site for event dates and any guest artist opportunities.,Large historic studio complex; meet multiple artists and buy direct during open studios.,https://www.facebook.com/humphreysstreetstudios/,,unclaimed,,humphreysstreetstudio.com,
Hamilton Wenham Public Library,library,https://hwlibrary.org/library_art_display_information/,BOS,Hamilton/Wenham,"14 Union St, Hamilton, MA 01982",,https://www.google.com/maps?q=14%20Union%20St%2C%20Hamilton%2C%20MA%2001982,Fill out application; minimum work count and hanging specs noted in guidelines.,Two-month rotating displays by local artists in designated areas.,https://www.facebook.com/HamiltonWenhamLibrary/,,unclaimed,,hwlibrary.org,
Aviary Gallery,store,https://www.instagram.com/aviarygallery/,BOS,Jamaica Plain,"48 South St, Jamaica Plain, MA 02130",,https://www.google.com/maps/search/?api=1&query=48+South+St%2C+Jamaica+Plain%2C+MA+02130,,,,,unclaimed,,instagram.com,
The James Library & Center for the Arts,gallery - non-profit,https://artist.callforentry.org/festivals_unique_info.php?ID=15868,BOS,Norwell,"24 West Street, Norwell, MA 02061",,https://www.google.com/maps/search/?api=1&query=24+West+St+Norwell+MA+02061,Clear prospectus; professional handling; standard regional commission.,Small-town gem with monthly exhibits and well-juried seasonal shows.,,,unclaimed,,jameslibrary.org,
Jamaica Plain Open Studios,open studios,https://jpopenstudios.com/,BOS,Jamaica Plain,"12 South St (Loring-Greenough House), Jamaica Plain, MA 02130",,https://www.google.com/maps/search/?api=1&query=12+South+St+%28Loring-Greenough+House%29%2C+Jamaica+Plain%2C+MA+02130,2025 registration: $110 non-JP / $90 JP for individual sites; $200 / $150 for group sites. Sales direct to artists.,Neighborhood-wide open studios weekend; family-friendly.,,,unclaimed,,jpopenstudios.com,
Jules Place,gallery - commercial,https://julesplace.com/,BOS,Boston - South End,"1200 Washington St, Unit 204, Boston, MA 02118",,https://www.google.com/maps/search/?api=1&query=1200+Washington+St%2C+Unit+204%2C+Boston%2C+MA+02118,,,,,unclaimed,,julesplace.com,
Krakow Witkin Gallery,gallery - commercial,https://www.krakowwitkingallery.com/gallery-information/,BOS,Boston,"10 Newbury St, Boston, MA 02116",,https://www.google.com/maps/search/?api=1&query=10%20Newbury%20St%2C%20Boston%2C%20MA%2002116,Curated commercial gallery; submissions not listed (N/A).,Blue-chip contemporary program; minimal/conceptual focus; free admission.,,,unclaimed,,krakowwitkingallery.com,
LaMontagne,gallery - commercial,https://www.lamontagnegallery.com/,BOS,Boston - South End,"450 Harrison Ave #1, Boston, MA 02118",,https://www.google.com/maps/search/?api=1&query=450+Harrison+Ave+%231%2C+Boston%2C+MA+02118,,,,,unclaimed,,lamontagnegallery.com,
Langley Adams Library,library,https://docs.google.com/forms/d/e/1FAIpQLSd0MMT7TJMM-_9LxY7XmpzrWyTavhZPTYV_eCjpQATFjkc90A/viewform,BOS,Groveland,"185 Main St, Groveland, MA 01834",,https://www.google.com/maps?q=185%20Main%20St%2C%20Groveland%2C%20MA%2001834,Contact staff to inquire about availability.,Community displays at the public library.,,,unclaimed,,langleyadamslib.org,
Lanoue Gallery,gallery - commercial,https://lanouegallery.com/,BOS,Boston - South End,"450 Harrison Ave, Ste 31, Boston, MA 02118",,https://www.google.com/maps/search/?api=1&query=450+Harrison+Ave%2C+Ste+31%2C+Boston%2C+MA+02118,,,,,unclaimed,,lanouegallery.com,
LexArt (Lexington Arts & Crafts Society),association,https://www.lexart.org/,BOS,Lexington,"130 Waltham St, Lexington, MA 02421",,https://www.google.com/maps?q=130%20Waltham%20St%2C%20Lexington%2C%20MA%2002421,Submit to open calls or join as member; terms vary by show.,Multiple galleries and artisan shop; frequent juried/member exhibitions.,,,unclaimed,,lexart.org,
Lincoln Public Library - Tarbell Room Gallery,library,https://lincolnpl.org/programs-events/art-gallery/,BOS,Lincoln,"3 Bedford Rd, Lincoln, MA 01773",,https://www.google.com/maps?q=3%20Bedford%20Rd%2C%20Lincoln%2C%20MA%2001773,Proposals accepted periodically; contact staff for details.,Library's Tarbell Room hosts art exhibitions with receptions.,,,unclaimed,,lincolnpl.org,
Local Colors Artists' Cooperative,association,https://www.local-colors.org/,BOS,Gloucester,"121 Main St, Gloucester, MA 01930",,https://www.google.com/maps/search/?api=1&query=121+Main+St%2C+Gloucester%2C+MA+01930,,,,,unclaimed,,local-colors.org,
Lynnfield Art Guild (LAG),association,https://lynnfieldarts.org/exhibits/,BOS,Lynnfield,"Lynnfield, MA (various venues)",,https://www.google.com/maps?q=Lynnfield%20MA,Membership-based exhibiting; occasional open calls posted on the site/social.,"Guild programming includes judged shows, member exhibits, and pop-ups.",https://www.facebook.com/lynnfieldartsguild/,,unclaimed,,lynnfieldarts.org,
Malden Public Library / Converse Memorial Galleries,library,https://maldenpubliclibrary.org/services/rotating-art-exhibit/,BOS,Malden,"36 Salem St, Malden, MA 02148",,https://www.google.com/maps/search/?api=1&query=36+Salem+St%2C+Malden%2C+MA+02148,,,,,unclaimed,,maldenpubliclibrary.org,
Marblehead Arts Association (Hooper Mansion),association,https://marbleheadarts.org/calls-for-art/,BOS,Marblehead,"8 Hooper St, Marblehead, MA 01945",,https://www.google.com/maps?q=8%20Hooper%20St%2C%20Marblehead%2C%20MA%2001945,Open/member calls posted regularly; commission/fees vary by show.,Historic mansion with multiple galleries and strong seasonal traffic.,,,unclaimed,,marbleheadarts.org,
Marblehead Festival of Arts,market,https://www.marbleheadfestival.org/artist-exhibits,BOS,Marblehead,"Marblehead, MA",,https://www.google.com/maps?q=Marblehead%20MA,"Submit per exhibit category (painting, photography, etc.); schedules/fees posted annually.",Town-wide Independence Day festival with juried art exhibitions and sales.,,,unclaimed,,marbleheadfestival.org,
Massport - Public Art Program (Logan/Seaport),public art,https://www.massport.com/logan-airport/at-the-airport/art-and-exhibits,BOS,Boston,"1 Harborside Dr, Boston, MA 02128",,https://www.google.com/maps?q=1%20Harborside%20Dr%2C%20Boston%2C%20MA%2002128,"Art shown: integrated airport/port artworks including sculpture, light, murals, and design interventions. Themes: place, travel, regional identity. Scale large; fabrication and safety constraints apply; sales N/A.",Airport/port authority commissioning artworks for terminals and public spaces; periodic opportunities.,,,unclaimed,,massport.com/massport/doing-business/public-art,
Maud Morgan Arts - Chandler Gallery,gallery - commercial,https://www.maudmorganarts.org/chandler-gallery/,BOS,Cambridge,"20A Sacramento St, Cambridge, MA 02138",,https://www.google.com/maps/search/?api=1&query=20A+Sacramento+St%2C+Cambridge%2C+MA+02138,Calls/proposals via Maud Morgan Arts. Artists asked to donate 30% of any sales to Baldwin Community Center. Fees: N/A. Insurance: N/A. Lead: seasonal.,Neighborhood gallery with rotating shows of local/regional artists.,,,unclaimed,,maudmorganarts.org,
Maynard Public Library,library,https://www.maynardpubliclibrary.org/exhibits-at-the-library,BOS,Maynard,"77 N Main St, Maynard, MA 01754",,https://www.google.com/maps?q=77%20N%20Main%20St%2C%20Maynard%2C%20MA%2001754,Email/call to schedule; terms per library policy.,Displays/exhibits hosted in library spaces.,,,unclaimed,,maynardpubliclibrary.org,
M Fine Arts Galerie,gallery - commercial,https://www.mfinearts.com/,BOS,Boston - South End,"460 Harrison Ave #C24, Boston, MA 02118",,https://www.google.com/maps/search/?api=1&query=460+Harrison+Ave+%23C24%2C+Boston%2C+MA+02118,,,,,unclaimed,,mfinearts.com,
Memorial Hall Library (Andover),library,https://mhl.org/exhibits,BOS,Andover,"2 North Main St, Andover, MA 01810",,https://www.google.com/maps?q=2%20North%20Main%20St%2C%20Andover%2C%20MA%2001810,Email/call to propose a show; policies via library site.,Rotating displays/exhibits in public areas.,,,unclaimed,,mhl.org,
Millis Public Library,library,https://www.millislibrary.org/art-exhibits/,BOS,Millis,"961 Main St, Millis, MA 02054",,https://www.google.com/maps/search/?api=1&query=961+Main+St%2C+Millis%2C+MA+02054,Art shown: community 2D/photography and occasional craft depending on calendar. Themes often local/regional. Scale small to medium with library hanging systems; price band N/A (artist-direct if permitted).,Millis Public Library - hosts rotating community art displays; good local visibility.,,,unclaimed,,millislibrary.org,
Milton Art Center - Gallery 334,gallery - non-profit,https://miltonartcenter.org/gallery334/,BOS,Milton,"334 Edge Hill Rd, Milton, MA 02186",Drive/MBTA bus,https://www.google.com/maps/search/?api=1&query=334+Edge+Hill+Rd%2C+Milton%2C+MA+02186,Open calls for artists and curators; stipend available for curators. Terms (commission/insurance) vary by show; confirm on acceptance.,Community arts hub with Gallery 334 exhibitions and First Friday receptions; shows feature local emerging and established artists.,https://www.facebook.com/MiltonArtCenter/,https://www.instagram.com/miltonartcenter/,unclaimed,,miltonartcenter.org,
Mobilia Gallery,gallery - non-profit,https://www.mobilia-gallery.com/,BOS,Cambridge,"348 Huron Ave, Cambridge, MA 02138",,https://www.google.com/maps/search/?api=1&query=348+Huron+Ave%2C+Cambridge%2C+MA+02138,,,,,unclaimed,,mobilia-gallery.com,
Morse Institute Library,library,https://morseinstitute.libguides.com/policies/exhibit,BOS,Natick,"14 E Central St, Natick, MA 01760",,https://www.google.com/maps/search/?api=1&query=14+E+Central+St%2C+Natick%2C+MA+01760,Follow exhibit policy and apply via the digital branch page.,Ongoing exhibits in multiple areas; teen and community shows included.,,,unclaimed,,morseinstitute.libguides.com,
Mosesian Center for the Arts - Galleries,gallery - non-profit,https://www.mosesianarts.org/exhibitions/opportunities,BOS,Watertown,"321 Arsenal St, Watertown, MA 02472",MBTA Bus 70 to Arsenal,https://www.google.com/maps/search/?api=1&query=321+Arsenal+St%2C+Watertown%2C+MA+02472,,,,,unclaimed,,mosesianarts.org,
Mother Brook Arts & Community Center,association,https://www.motherbrook.org/,BOS,Dedham,"123 High St, Dedham, MA 02026",,https://www.google.com/maps?q=123%20High%20St%2C%20Dedham%2C%20MA%2002026,Open calls and proposals posted seasonally; terms vary by show. Calls for artists posted on site; fees/commission vary by show.,Studios + gallery in a historic mill; regular juried/group shows,,https://www.facebook.com/MBACC.Dedham/,unclaimed,,motherbrook.org,
Multicultural Arts Center,gallery - non-profit,https://multiculturalartscenter.org/,BOS,Cambridge,"41 Second St, Cambridge, MA 02141",,https://www.google.com/maps/search/?api=1&query=41+Second+St%2C+Cambridge%2C+MA+02141,Curated program; proposals/partnerships considered case-by-case. Sales/commission: N/A. Fees: N/A. Insurance: N/A. Lead: curated season.,Restored courthouse turned arts center; curated visual art in Cambridge.,,,unclaimed,,multiculturalartscenter.org,
Munroe Center for the Arts - Parsons Gallery,association,https://www.munroecenter.org/exhibit-your-art--curate-a-show.html,BOS,Lexington,"1403 Massachusetts Ave, Lexington, MA 02420",,https://www.google.com/maps?q=1403%20Massachusetts%20Ave%2C%20Lexington%2C%20MA%2002420,Submit proposals/calls via site; terms vary by show.,Town arts center with a dedicated gallery and annual ArtWalk.,,,unclaimed,,munroecenter.org,
Nave Gallery,gallery - non-profit,https://navegallery.org/wp/call-for-art/,BOS,Somerville,"155 Powder House Blvd, Somerville, MA 02144",,https://www.google.com/maps/search/?api=1&query=155+Powder+House+Blvd%2C+Somerville%2C+MA+02144,Exhibition proposals & frequent calls; typical submission fees ~$15-$25; commission ~30% on sales. Insurance: N/A. Lead time 1-3+ months.,"Community gallery with thematic, juried, and curated group shows.",,,unclaimed,,navegallery.org,
National Center of Afro-American Artists (NCAAA),association,https://ncaaa.org/,BOS,Boston,"300 Walnut Ave, Roxbury, MA 02119",,https://www.google.com/maps/search/?api=1&query=300+Walnut+Ave%2C+Roxbury%2C+MA+02119,,,,,unclaimed,,ncaaa.org,
Needham Art Association,association,https://needhamartassociation.org/naa-policies/,BOS,Needham,"P.O. Box 322, Needham Heights, MA 02494",,https://www.google.com/maps/search/?api=1&query=P.O.+Box+322%2C+Needham+Heights%2C+MA+02494,Membership-based exhibiting; periodic open calls and off-site exhibits (policies vary by host).,Active association producing judged and member exhibits around MetroWest.,,,unclaimed,,needhamartassociation.org,
Needham Library,library,https://needhamlibrary.org/services/general-services/art-and-exhibitions/,BOS,Needham,"1139 Highland Ave, Needham, MA 02494",MBTA bus; CR nearby (Needham Line),https://www.google.com/maps/search/?api=1&query=1139+Highland+Ave%2C+Needham%2C+MA+02494,,,,,unclaimed,,needhamlibrary.org,
Nevins Memorial Library (Methuen),library,https://www.nevinslibrary.org/about-nevins-library/policies/#artexhibitpol,BOS,Methuen,"305 Broadway, Methuen, MA 01844",,https://www.google.com/maps?q=305%20Broadway%2C%20Methuen%2C%20MA%2001844,Contact staff for availability and guidelines.,Displays/exhibits hosted in library areas.,,,unclaimed,,nevinslibrary.org,
Newbury Town Library,library,https://newburylibrary.org/exhibits/,BOS,Newbury - Byfield,"0 Lunt St, Byfield, MA 01922",,https://www.google.com/maps?q=0%20Lunt%20St%2C%20Byfield%2C%20MA%2001922,Email the exhibit advisor to propose a show; scheduling is limited.,Art exhibits several times per year in the Community Room.,https://www.facebook.com/newburytownlibrary/,,unclaimed,,newburylibrary.org,
Newburyport Art Association,association,https://newburyportart.org/calls-for-art,BOS,Newburyport,"65 Water St, Newburyport, MA 01950",,https://www.google.com/maps?q=65%20Water%20St%2C%20Newburyport%2C%20MA%2001950,Frequent open/member calls; read each prospectus for fees/commission.,Active waterfront association with multiple galleries and nonstop exhibits.,,,unclaimed,,newburyportart.org,
Greenway Artisan Market (NE Open Markets),market,https://www.newenglandopenmarkets.com/greenway,BOS,Boston,"Dewey Square, Boston, MA (seasonal)",,https://www.google.com/maps/search/?api=1&query=Dewey+Square%2C+Boston%2C+MA+%28seasonal%29,Apply via NE Open Markets; category juried; fees vary by event.,"Outdoor maker/art market on the Rose Kennedy Greenway, spring-fall.",,,unclaimed,,newenglandopenmarkets.com,
Newton Art Association,association,https://newtonartassociation.com/event/call-for-art-2025-members-show/,BOS,Newton,Various venues (Newton),,https://www.google.com/maps/search/?api=1&query=Various+venues+%28Newton%29,Membership exhibits and periodic open calls; venue terms vary by host.,Active association mounting juried/member exhibits around Newton.,,,unclaimed,,newtonartassociation.com,
Newton Free Library - Main Hall Exhibitions,library,https://newtonfreelibrary.net/about/more-information/art-exhibits/,BOS,Newton,"330 Homer St, Newton, MA 02459",MBTA Bus; parking onsite,https://www.google.com/maps/search/?api=1&query=330+Homer+St%2C+Newton%2C+MA+02459,,,,,unclaimed,,newtonfreelibrary.net,
"Newton City Hall Galleries (e.g., 'Connected')",gallery - non-profit,https://www.newtonma.gov/government/parks-recreation-culture/cultural-development/city-hall-galleries,BOS,Newton,"1000 Commonwealth Ave, Newton, MA 02459",MBTA Bus; parking,https://www.google.com/maps/search/?api=1&query=1000+Commonwealth+Ave%2C+Newton%2C+MA+02459,,,,,unclaimed,,newtonma.gov,
Norfolk Public Library,library,https://www.norfolkpubliclibrary.org/6090/Policies,BOS,Norfolk,"2 Liberty Ln, Norfolk, MA 02056",,https://www.google.com/maps/search/?api=1&query=2+Liberty+Ln%2C+Norfolk%2C+MA+02056,Art shown: community 2D/photography and occasional craft depending on calendar. Themes often local/regional. Scale small to medium with library hanging systems; price band N/A (artist-direct if permitted).,Norfolk Public Library hosts rotating community art displays; good local visibility.,,,unclaimed,,norfolkpubliclibrary.org,
Morrill Memorial Library (Norwood),library,https://www.norwoodlibrary.org/wp-content/uploads/2023/01/Exhibit-policyMML.doc.pdf,BOS,Norwood,"33 Walpole St, Norwood, MA 02062",,https://www.google.com/maps/search/?api=1&query=33+Walpole+St%2C+Norwood%2C+MA+02062,Email or call the library to inquire about exhibit availability and policies; details not posted publicly.,Public library with rotating displays and youth art showcases; see calendar for current programs.,,,unclaimed,,norwoodlibrary.org,
North Shore Arts Association (NSAA),association,https://nsarts.org/member-info/become-a-member/,BOS,Gloucester,"11 Pirates Ln, Gloucester, MA 01930",,https://www.google.com/maps/search/?api=1&query=11+Pirates+Ln%2C+Gloucester%2C+MA+01930,Regular juried/member shows; prospectus PDFs posted with commission terms per show.,Historic Cape Ann association with nonstop seasonal exhibitions and sales.,,,unclaimed,,nsarts.org,
"Out of the Blue, Too",gallery - non-profit,https://outoftheblueartgallery.com/,BOS,Cambridge,"541 Massachusetts Ave, Cambridge, MA 02139",,https://www.google.com/maps/search/?api=1&query=541+Massachusetts+Ave%2C+Cambridge%2C+MA+02139,,,,,unclaimed,,outoftheblueartgallery.com,
Panopticon Gallery,gallery - commercial,https://www.panopticongallery.com/,BOS,Boston,"502C Commonwealth Ave, Boston, MA 02215",,https://www.google.com/maps/search/?api=1&query=502C+Commonwealth+Ave%2C+Boston%2C+MA+02215,,,,,unclaimed,,panopticongallery.com,
Pao Arts Center (One Greenway),association,https://www.paoartscenter.org/call-for-artists,BOS,Boston,"99 Albany St, Boston, MA 02111",,https://www.google.com/maps?q=99%20Albany%20St%2C%20Boston%2C%20MA%2002111,Posts calls for exhibitions and public art; check Directions/Visit for specifics.,"Chinatown's arts center with exhibitions, residencies, and cultural programs.",,https://www.instagram.com/paoartscenter/,unclaimed,,paoartscenter.org/directions,
Peabody Institute Library (Peabody),library,https://peabodylibrary.org/2025winterfair/,BOS,Peabody,"82 Main St, Peabody, MA 01960",,https://www.google.com/maps?q=82%20Main%20St%2C%20Peabody%2C%20MA%2001960,Reach out to staff to schedule displays.,Community exhibits in library spaces downtown.,,,unclaimed,,peabodylibrary.org,
Pellas Gallery,gallery - commercial,https://www.pellasgallery.com/,BOS,Boston,"74 Newbury St, Boston, MA 02116",,https://www.google.com/maps/search/?api=1&query=74+Newbury+St%2C+Boston%2C+MA+02116,,,,,unclaimed,,pellasgallery.com,
Pembroke Public Library,library,https://www.pembrokepubliclibrary.org/exhibits--displays.html,BOS,Pembroke,"142 Center St, Pembroke, MA 02359",,https://www.google.com/maps?q=142%20Center%20St%2C%20Pembroke%2C%20MA%2002359,Review display/exhibit policy; coordinate with staff; price display restrictions may apply.,Community displays and periodic art exhibits in library spaces.,,,unclaimed,,pembrokepubliclibrary.org,
Piano Craft Gallery (PCG),gallery - non-profit,https://pianocraftgallery.com/artistopportunities,BOS,Boston,"793 Tremont St, Boston, MA 02118",,https://www.google.com/maps/search/?api=1&query=793+Tremont+St+Boston+MA+02118,Regular open calls; strong emerging + mid-career mix; community-focused.,Volunteer-run contemporary art venue with rotating juried and curated exhibitions.,https://www.facebook.com/artpcgboston/,https://www.instagram.com/artpcgboston/,unclaimed,,pianocraftgallery.com,
Southborough Library,library,https://piperlibraryfiles.com/ckfinder/connector?command=Proxy&lang=en&type=Southborough&currentFolder=%2FAbout%2F&hash=a8946682a2d45c402fa96faf0daee1b89c9373d5&fileName=slib_exhibitorpolicy_logo2022.pdf,BOS,Southborough,"25 Main St, Southborough, MA 01772",,https://www.google.com/maps/search/?api=1&query=25+Main+St%2C+Southborough%2C+MA+01772,Art shown: N/A. Themes: N/A. Size/installation constraints: N/A. Beginner-friendly note: libraries often showcase emerging artists; specifics set by staff.,Southborough public library with community display areas; steady local foot traffic.,,,unclaimed,,piperlibraryfiles.com,
Plymouth Public Library,library,https://plymouthpubliclibrary.org/art-gallery/,BOS,Plymouth,"132 South St, Plymouth, MA 02360",,https://www.google.com/maps?q=132%20South%20St%2C%20Plymouth%2C%20MA%2002360,Email/call to propose an exhibit; timing subject to calendar openings.,Large public library hosting rotating art displays in designated areas.,,,unclaimed,,plymouthpubliclibrary.org,
Praise Shadows Art Gallery,gallery - commercial,https://www.praiseshadows.com/,BOS,Brookline,"313A Harvard St, Brookline, MA 02446",,https://www.google.com/maps/search/?api=1&query=313A+Harvard+St%2C+Brookline%2C+MA+02446,,,,,unclaimed,,praiseshadows.com,
Pucker Gallery,gallery - commercial,https://www.puckergallery.com/contact,BOS,Boston,"240 Newbury St, 3rd Floor, Boston, MA 02116",,https://www.google.com/maps/search/?api=1&query=240%20Newbury%20St%2C%20Boston%2C%20MA%2002116,Reviews unsolicited submissions by email; guidelines posted.,Eclectic contemporary and ceramic program; multi-floor gallery on Newbury Street.,,https://www.instagram.com/puckergallery/,unclaimed,,puckergallery.com,
Quincy Art Center,association,https://www.quincyartma.org/,BOS,Quincy,"1229 Hancock St, Quincy, MA 02169",,https://www.google.com/maps/search/?api=1&query=1229+Hancock+St%2C+Quincy%2C+MA+02169,,,,,unclaimed,,quincyartma.org,
Quincy ArtsFest (@ the Q),market,https://www.quincyartma.org/artsfest2025,BOS,Quincy,Multi-site; see call page,MBTA Red Line (Quincy Center) varies by site,https://www.google.com/maps/search/?api=1&query=Multi-site%3B+see+call+page,,,,,unclaimed,,quincyartma.org/artsfest2025,
Quincy Art Association - QArts Gallery,association,https://www.quincyartma.org/memberships,BOS,Quincy,"1229 Hancock St, Quincy, MA 02169",,https://www.google.com/maps/search/?api=1&query=1229+Hancock+St%2C+Quincy%2C+MA+02169,Membership and open calls posted seasonally; commission/fees vary by show.,Local arts association with gallery shows and annual ArtsFest.,,,unclaimed,,quincyartma.org/memberships,
Reading Public Library,library,https://readingpubliclibrary.org/wp-content/uploads/2024/12/Art-Exhibit-Policy-2025.pdf,BOS,Reading,"64 Middlesex Ave, Reading, MA 01867",Commuter Rail (Haverhill Line to Reading),https://www.google.com/maps/search/?api=1&query=64+Middlesex+Ave%2C+Reading%2C+MA+01867,"Submit application per policy; library does not sell or insure; 2D works up to 60"" accepted.",Approved exhibits are displayed at main or branch library.,,,unclaimed,,readingpubliclibrary.org,
Renjeau Galleries,gallery - commercial,https://www.renjeau.com/,BOS,Natick,"79 Worcester St, Natick, MA 01760",,https://www.google.com/maps/search/?api=1&query=79+Worcester+St%2C+Natick%2C+MA+01760,,,,,unclaimed,,renjeau.com,
Robert Klein Gallery,gallery - commercial,https://www.robertkleingallery.com/,BOS,Boston,"38 Newbury St, Suite 402, Boston, MA 02116",,https://www.google.com/maps/search/?api=1&query=38+Newbury+St%2C+Suite+402%2C+Boston%2C+MA+02116,,,,,unclaimed,,robertkleingallery.com,
Rockport Art Association & Museum (RAA&M),association,https://www.rockportartassn.org/juried-artist-membership,BOS,Rockport,"12 Main St, Rockport, MA 01966",,https://www.google.com/maps/search/?api=1&query=Rockport+Art+Association+and+Museum,"Prestige exhibitions (plein air, marine, landscape traditions) with some contemporary shows.",Historic association in a destination town; strong collector base in summer season.,,,unclaimed,,rockportartassn.org,
Rocky Neck Art Colony - Cultural Center,gallery - non-profit,https://rockyneckartcolony.org/become-a-member/,BOS,Gloucester,"6 Wonson St, Gloucester, MA 01930",,https://www.google.com/maps?q=6%20Wonson%20St%2C%20Gloucester%2C%20MA%2001930,"Art shown: contemporary regional exhibitions with juried shows and member showcases across painting, photography, and mixed media. Themes coastal/landscape to experimental depending on call/curator. Small-to-medium gallery scale; price band mid-range; sales through venue.",Historic artist colony with a cultural center gallery and seasonal programs; destination for Cape Ann art.,,,unclaimed,,rockyneckartcolony.org,
Roslindale Open Studios,open studios,https://roslindaleopenstudios.org/artist-registration,BOS,Boston,Multiple sites across Roslindale (event),,https://www.google.com/maps/search/?api=1&query=Roslindale+Open+Studios,Registration-based event; some shared/group locations available for non-local artists.,"Walkable weekend of studios, pop-ups, and group sites; easy way to meet artists and buy direct.",https://www.facebook.com/RoslindaleOpenStudios/,,unclaimed,,roslindaleopenstudios.org,
Rowley Public Library,library,https://www.rowleylibrary.org/about-the-rowley-public-library/gallery-and-display-case/,BOS,Rowley,"141 Main St, Rowley, MA 01969",,https://www.google.com/maps?q=141%20Main%20St%2C%20Rowley%2C%20MA%2001969,Call or email to book; library supplies basic hanging hardware.,Monthly exhibits in the gallery and lobby display case.,https://www.facebook.com/RowleyPublicLibrary/,,unclaimed,,rowleylibrary.org,
Saatchi Art (online gallery),online,https://www.saatchiart.com/,BOS,Online,N/A,,N/A,Originals: 40% commission to Saatchi; open edition prints: artist receives 60% of profit after production. No listing fees.,Global online gallery for originals and prints; large collector base.,,,unclaimed,,saatchiart.com,
Salem Arts Association,association,https://salemarts.org/calls_for_art,BOS,Salem,"159 Derby St, Salem, MA 01970",,https://www.google.com/maps?q=159%20Derby%20St%2C%20Salem%2C%20MA%2001970,Frequent open calls; review each prospectus for eligibility/fees.,Active downtown galleries with rotating juried/member exhibitions.,,https://www.instagram.com/salemartsassociation/,unclaimed,,salemarts.org/visit,
Salem Arts Festival (Salem Main Streets),market,https://www.salemartsfestival.com/saf-2025-gallery,BOS,Salem,Central Salem (multiple sites),MBTA Commuter Rail (Salem) + walk,https://www.google.com/maps/search/?api=1&query=Central+Salem+%28multiple+sites%29,Vendor applications each spring; strong foot traffic; public art/murals components change yearly.,"High-traffic free festival with exhibitions, performances, and a juried artisan market.",,,unclaimed,,salemartsfestival.com,
Artists' Row (City of Salem),market,https://www.salemma.gov/854/Calls-for-Artists,BOS,Salem,"24 New Derby St, Salem, MA 01970",MBTA Commuter Rail (Salem) + walk,https://www.google.com/maps/search/?api=1&query=24+New+Derby+St%2C+Salem%2C+MA+01970,Annual/seasonal RFQs for vendor stalls or public art; good for makers and craft artists.,"City-run creative marketplace; rotating makers, small studios, and public art activations.",,,unclaimed,,salemma.gov,
Saugus Public Library,library,https://www.sauguspubliclibrary.org/?s=EXHIBIT,BOS,Saugus,"295 Central St, Saugus, MA 01906",,https://www.google.com/maps/search/?api=1&query=295+Central+St%2C+Saugus%2C+MA+01906,Art shown: 2D/photography exhibits; themes local/regional. Small scale; price band N/A.,Central library with community displays; near Saugus Center businesses.,,,unclaimed,,sauguspubliclibrary.org,
Sawyer Free Library,library,https://sawyerfreelibrary.org/calendar/exhibits/,BOS,Gloucester,"2 Dale Ave, Gloucester, MA 01930",,https://www.google.com/maps?q=2%20Dale%20Ave%2C%20Gloucester%2C%20MA%2001930,Email/call staff to propose an exhibit; guidelines provided by library.,Historic public library with periodic art displays/exhibitions.,,,unclaimed,,sawyerfreelibrary.org,
North River Arts Society (NRAS) / Front Street Art Gallery,association,https://www.scituateartsassociation.com/join-on-line,BOS,Scituate / Marshfield,"124 Front St, Scituate, MA (gallery)",,https://www.google.com/maps/search/?api=1&query=124+Front+St+Scituate+MA,"Pathways: apply to co-op, enter juried/member shows, or exhibit in satellite library shows.",Co-op gallery on Scituate Harbor plus juried shows; beach-town foot traffic.,,,unclaimed,,scituateartsassociation.com,
Scituate Town Library,library,https://scituatelibrary.org/about-us/policies-2/#1723753926519-4f5ce04b-a773,BOS,Scituate,"85 Branch St, Scituate, MA 02066",,https://www.google.com/maps?q=85%20Branch%20St%2C%20Scituate%2C%20MA%2002066,Display/exhibit policies maintained by the Library; contact staff for availability.,Library hosts exhibits in its gallery/meeting spaces; community-oriented shows.,,,unclaimed,,scituatelibrary.org,
Sharon Public Library,library,https://sharonpubliclibrary.org/current-art-exhibits/,BOS,Sharon,"1 School St, Sharon, MA 02067",MBTA Commuter Rail (Sharon) + local access,https://www.google.com/maps/search/?api=1&query=1+School+St%2C+Sharon%2C+MA+02067,Submit via Request to Exhibit; library policy specifies exhibitor assumes liability; sales arranged directly with the artist (no library commission).,Library exhibition program with rotating displays; free public access during open hours.,https://www.facebook.com/SharonPublicLibraryMA/,https://www.instagram.com/sharonpubliclibrary/,unclaimed,,sharonpubliclibrary.org,
Sherborn Library,library,https://sherbornlibrary.org/news-events/exhibits,BOS,Sherborn,"3 Sanger St, Sherborn, MA 01770",,https://www.google.com/maps/search/?api=1&query=3+Sanger+St%2C+Sherborn%2C+MA+01770,Contact staff for guidelines and dates.,Exhibit opportunities within the renovated town library.,,,unclaimed,,sherbornlibrary.org,
ShowUp,gallery - commercial,https://www.showupinc.org/,BOS,Boston - South End,"524B Harrison Ave, Boston, MA 02118",,https://www.google.com/maps/search/?api=1&query=524B+Harrison+Ave%2C+Boston%2C+MA+02118,,,,,unclaimed,,showupinc.org,
Singulart Online Gallery,online,https://www.singulart.com/en/application,BOS,Online,N/A,,N/A,Apply online; selection by admission committee; terms provided upon acceptance.,International online gallery for originals and commissions.,,,unclaimed,,singulart.com,
Sitka Home Art Gallery,gallery - commercial,https://www.sitkahome.com/,BOS,Boston,"160 Newbury St, Boston, MA 02116",,https://www.google.com/maps/search/?api=1&query=160+Newbury+St%2C+Boston%2C+MA+02116,,,,,unclaimed,,sitkahome.com,
Society6 (print-on-demand marketplace),online,https://society6.com/pages/artist-application,BOS,Online,N/A,,N/A,New artist sign-ups and uploads temporarily paused while platform restructures; commission/markup policy being revised by S6.,POD marketplace for art on prints/products (undergoing 2025 changes).,,,unclaimed,,society6.com,
"Somerville Inside-OUT Gallery (CVS windows, Davis Square)",association,https://somervilleartscouncil.org/events/inside-out-gallery-exhibit-cvs-window/,BOS,Somerville,"50 Evergreen Avenue, Somerville, MA 02145",,https://www.google.com/maps/search/?api=1&query=50+Evergreen+Avenue%2C+Somerville%2C+MA+02145,Juried calls often tied to Somerville Open Studios members. Not a sales venue. Fees: none listed. Lead time per call.,Street-visible window gallery with themed exhibits; always on view.,,,unclaimed,,somervilleartscouncil.org/gallery,
Somerville Arts Council,gallery - non-profit,https://somervilleartscouncil.org/public-art/call-to-artist-metal-workers-sculptors/,BOS,Somerville,"93 Highland Ave, Somerville, MA 02143",,https://www.google.com/maps/search/?api=1&query=93+Highland+Ave%2C+Somerville%2C+MA+02143,"Art shown: multidisciplinary public art, pop-ups, and curated exhibitions with strong community themes. Genres span 2D/3D, performance, and media. Scale varies from storefront installations to street festivals; price band N/A (event/program-dependent).","City arts agency running festivals, public art, and exhibit opportunities (e.g., Windows, ArtBeat); multiple calls across the year.",https://www.facebook.com/SomervilleArts/,https://www.instagram.com/somervilleartscouncil/,unclaimed,,somervilleartscouncil.org/open-call,
Somerville Winter Farmers Market (at the Armory),market,https://www.somwintermarket.org/,BOS,Somerville,"191 Highland Avenue, Somerville, MA 02143",,https://www.google.com/maps/search/?api=1&query=191+Highland+Avenue%2C+Somerville%2C+MA+02143,Seasonal application. Fees/insurance vary by category; not centrally posted. Lead time seasonal.,Indoor winter market with food & some artisan vendors.,,,unclaimed,,somwintermarket.org,
SoWa Open Market (South End),market,https://www.sowaboston.com/sowa-open-market/,BOS,Boston - South End,"500 Harrison Ave, Boston, MA 02118 (SoWa Power Station / Harrison Ave — South End arts district)",,https://www.google.com/maps/search/?api=1&query=500+Harrison+Ave%2C+Boston%2C+MA+02118+%28SoWa+Power+Station+%2F+Harrison+Ave+%E2%80%94+South+End+arts+district%29,Apply via SoWa; applications considered through season based on availability. Application + booth fees (vary). Insurance: varies. Lead time seasonal.,"Large outdoor market with art/craft, vintage, food; heavy traffic.",,,unclaimed,,sowaboston.com,
Steven Zevitas Gallery,gallery - commercial,https://www.stevenzevitasgallery.com/,BOS,Boston,"450 Harrison Ave, #47, Boston, MA 02118",,https://www.google.com/maps/search/?api=1&query=450%20Harrison%20Ave%20%2347%2C%20Boston%2C%20MA%2002118,Curated commercial gallery; submissions not posted (N/A).,Contemporary gallery with national fair presence; strong painting focus.,https://www.facebook.com/p/Steven-Zevitas-Gallery-100069650859453/,https://www.facebook.com/p/Steven-Zevitas-Gallery-100069650859453/,unclaimed,,stevenzevitasgallery.com,
Stoneham Public Library,library,https://stonehamlibrary.org/events-programs/art-displays/,BOS,Stoneham,"431 Main St, Stoneham, MA 02180",,https://www.google.com/maps/search/?api=1&query=431+Main+St%2C+Stoneham%2C+MA+02180,Art shown: local/regional 2D displays; student/community themes. Small scale; price band N/A.,Downtown library with visible exhibit spaces; family programming draws visitors.,,,unclaimed,,stonehamlibrary.org,
J. Todd Gallery,gallery - commercial,https://store.jtodd.com/,BOS,Wellesley,"572 Washington St, Wellesley, MA 02482",,https://www.google.com/maps/search/?api=1&query=572+Washington+St%2C+Wellesley%2C+MA+02482,,,,,unclaimed,,store.jtodd.com,
Storefront Art Projects,gallery - commercial,https://www.storefrontartprojects.com/contact,BOS,Watertown,"Storefront Art Projects, Watertown, MA",,https://www.google.com/maps?q=Storefront%20Art%20Projects%2C%20Watertown%2C%20MA,Curated program; artists can pitch proposals via email/contact.,Small Watertown gallery mounting thoughtful contemporary exhibitions.,,,unclaimed,,storefrontartprojects.com,
Stoughton Public Library,library,https://www.stoughtonpubliclibrary.org/exhibit-request,BOS,Stoughton,"84 Park St, Stoughton, MA 02072",,https://www.google.com/maps?q=84%20Park%20St%2C%20Stoughton%2C%20MA%2002072,Email/call to schedule; artist handles inquiries for sales if permitted.,Community exhibits in library public areas.,,,unclaimed,,stoughton.org/657/library,
Swampscott Arts Association,association,https://www.swampscottarts.org/join,BOS,Swampscott,"Swampscott, MA (various venues)",,https://www.google.com/maps?q=Swampscott%20MA,Membership-based; watch for exhibit calendars and any open calls.,Association presenting juried/member shows around town and nearby galleries.,https://www.facebook.com/swampscottarts/,,unclaimed,,swampscottarts.org,
Tappan Collective - Online Platform,online,https://www.tappancollective.com/pages/artist-submissions,BOS,Online,N/A,,N/A,"Email portfolio (bio, statement, CV, works) to submissions@thetappancollective.com for consideration.",Curated platform for emerging artists (originals & editions).,,,unclaimed,,tappancollective.com,
The Center for Arts in Natick (TCAN) - Summer Street Gallery,association,https://tcan.org/about-us/venues/summer-street-gallery/,BOS,Natick,"14 Summer St, Natick, MA 01760",,https://www.google.com/maps/search/?api=1&query=14+Summer+St%2C+Natick%2C+MA+01760,,,,,unclaimed,,tcan.org/summer-street-gallery/,
TCAN - Summer Street Gallery,gallery - non-profit,https://tcan.org/community/visual-arts/,BOS,Natick,"14 Summer St, Natick, MA 01760",MBTA Commuter Rail (Natick Center) + walk,https://www.google.com/maps/search/?api=1&query=14+Summer+St%2C+Natick%2C+MA+01760,Submit portfolio for solo-exhibit consideration; high visibility during performances.,Busy gallery inside a major regional arts venue with strong audience reach.,,,unclaimed,,tcan.org/community/visual-arts/,
Tewksbury Public Library,library,https://www.tewksburypl.org/get-involved/pages/display-your-artwork-or-collection,BOS,Tewksbury,"300 Chandler St, Tewksbury, MA 01876",,https://www.google.com/maps?q=300%20Chandler%20St%2C%20Tewksbury%2C%20MA%2001876,Contact staff for policies and availability.,Community exhibits/displays in library spaces.,,,unclaimed,,tewksburypl.org,
Thayer Public Library,library,https://www.thayerpubliclibrary.org/display-cases/,BOS,Braintree,"798 Washington St, Braintree, MA 02184",,https://www.google.com/maps/search/?api=1&query=798+Washington+St%2C+Braintree%2C+MA+02184,Email/online request to schedule monthly displays; specs listed on the policy page.,Two lockable lobby display cases feature rotating community exhibits.,,,unclaimed,,thayerpubliclibrary.org,
The Brush Art Gallery & Studios,gallery - non-profit,https://thebrush.org/membership.htm,BOS,Lowell,"256 Market St, Lowell, MA 01852",,https://www.google.com/maps?q=256%20Market%20St%2C%20Lowell%2C%20MA%2001852,Open calls posted online; review each prospectus for fees/commission/insurance.,Nonprofit gallery with studios; frequent juried exhibitions and community shows.,https://www.facebook.com/TheBrushGallery/,,unclaimed,,thebrush.org,
Loading Dock Gallery (at Western Avenue),gallery - non-profit,https://www.theloadingdockgallery.com/call-for-artists.html,BOS,Lowell,"122 Western Ave, Lowell, MA 01851",,https://www.google.com/maps?q=122%20Western%20Ave%2C%20Lowell%2C%20MA%2001851,Membership and juried calls posted on the site; terms vary by show.,Member-run gallery inside Western Avenue with rotating juried/member shows.,https://www.facebook.com/LoadingDockGallery/,,unclaimed,,theloadingdockgallery.com,
The Local Hand,store,https://thelocalhand.shop/pages/art-show,BOS,Boston,"1912-B Dorchester Ave, Boston, MA 02124",,https://www.google.com/maps/search/?api=1&query=1912-B+Dorchester+Ave%2C+Boston%2C+MA+02124,,,,,unclaimed,,thelocalhand.shop,
The Umbrella Arts Center,gallery - non-profit,https://theumbrellaarts.org/arts-gallery,BOS,Concord,"40 Stow St, Concord, MA 01742",MBTA Commuter Rail (Concord) + walk,https://www.google.com/maps/search/?api=1&query=40+Stow+St%2C+Concord%2C+MA+01742,Annual call invites proposals; occasional open calls; clear prospectus posted each cycle.,Multiple gallery spaces with curated and juried exhibitions; good regional draw.,,,unclaimed,,theumbrellaarts.org,
Thomas Crane Public Library,library,https://thomascranelibrary.org/call-for-public-art-exhibition/,BOS,Quincy,"40 Washington St, Quincy, MA 02169",MBTA Red Line (Quincy Center) + walk,https://www.google.com/maps/search/?api=1&query=40+Washington+St%2C+Quincy%2C+MA+02169,Active call for monthly exhibit slots; simple application; 2025 calendar reopened.,Reopened art exhibition program with rotating shows and public receptions.,,,unclaimed,,thomascranelibrary.org,
Three Stones Gallery (Concord),gallery - commercial,https://www.threestonesgallery.com/contact,BOS,Concord,"115 Commonwealth Ave, Concord, MA 01742",MBTA Commuter Rail (West Concord),https://www.google.com/maps/search/?api=1&query=115+Commonwealth+Ave%2C+Concord%2C+MA+01742,Accepts artist submissions via contact form; selection is curated.,"Contemporary gallery in West Concord exhibiting regional artists across painting, photography, and mixed media; works for sale.",https://www.facebook.com/threestonesgallery/,https://www.instagram.com/threestonesgallery/,unclaimed,,threestonesgallery.com,
Topsfield Town Library,library,https://topsfieldlibrary.org/art/,BOS,Topsfield,"1 South Common St, Topsfield, MA 01983",Drive; nearest Commuter Rail: Hamilton/Wenham or Ipswich,Submit per 'Art in the Library' guidelines; artist handles inquiries and sales; library does not insure work.,,Monthly exhibits in designated spaces; free public access.,https://www.facebook.com/TopsfieldTownLibrary/,https://www.facebook.com/TopsfieldTownLibrary/,unclaimed,,topsfieldlibrary.org,
Duxbury Free Library,library,https://www.town.duxbury.ma.us/sites/g/files/vyhlif10506/f/pages/display_of_art_policy_0.pdf,BOS,Duxbury,"77 Alden St, Duxbury, MA 02332",,https://www.google.com/maps/search/?api=1&query=77+Alden+St%2C+Duxbury%2C+MA+02332,Art shown: N/A. Themes: N/A. Size/installation constraints: N/A.,Active library with community displays; near Art Complex Museum and DAA programs.,,,unclaimed,,town.duxbury.ma.us/free-library,
Hudson Public Library,library,https://www.townofhudson.org/179/Art-in-the-Hall,BOS,Hudson,"Hudson Public Library, Hudson, MA",,https://www.google.com/maps?q=Hudson%20Public%20Library%2C%20Hudson%2C%20MA,Contact library staff for exhibit opportunities and timing.,Displays/exhibits hosted in library spaces.,,,unclaimed,,townofhudson.org,
TurningArt (corporate art services),association,https://www.turningart.com/,BOS,Online,N/A,,N/A,Artists apply; original sales pay 60% to artist (40% commission). Prints pay 25% of revenue. Rentals and commissions available. No exclusivity on listed pieces.,"Corporate art rentals, purchases, and commissions curated by advisors.",,,unclaimed,,turningart.com,
Two Boats Gallery,gallery - commercial,https://twoboatsgallery.squarespace.com/,BOS,Jamaica Plain,"53 Boynton St, Boston, MA 02130",,https://www.google.com/maps/search/?api=1&query=53+Boynton+St%2C+Boston%2C+MA+02130,,,,,unclaimed,,twoboatsgallery.squarespace.com,
UGallery Online Marketplace,online,https://www.ugallery.com/pages/for-artists,BOS,Online,N/A,,N/A,Apply online; simple application process; see FAQ for details.,Curated online gallery offering originals and commissions.,,,unclaimed,,ugallery.com,
Urban Media Arts (UMA),gallery - non-profit,https://urbanmediaarts.org/galleryuma/,BOS,Malden,"145 Pleasant St, Malden, MA 02148",MBTA Orange Line (Malden Center),https://www.google.com/maps/search/?api=1&query=145+Pleasant+St%2C+Malden%2C+MA+02148,,,,,unclaimed,,urbanmediaarts.org,
Urbano Project,association,https://urbanoproject.org/,BOS,Boston - Jamaica Plain / Roxbury,"29 Germania St, Boston, MA 02130",,https://www.google.com/maps/search/?api=1&query=29+Germania+St%2C+Boston%2C+MA+02130,Periodic calls for Artists-in-Residence/teaching artists. Compensation/fees/commission not posted; curated selection. Lead per call.,Community arts nonprofit elevating youth & social practice; exhibits & public art.,,,unclaimed,,urbanoproject.org,
Vose Galleries of Boston,gallery - commercial,https://www.vosegalleries.com/,BOS,Boston - Back Bay,"238 Newbury St, Boston, MA 02116",,https://www.google.com/maps?q=238%20Newbury%20St%2C%20Boston%2C%20MA%2002116,Curated program; proposals via contact form/email when considered.,One of the nation's oldest galleries; exhibitions and private sales on Newbury Street.,,,unclaimed,,vosegalleries.com,
Lucius Beebe Memorial Library (Wakefield),library,https://www.wakefieldlibrary.org/blake-gallery/,BOS,Wakefield,"345 Main St, Wakefield, MA 01880",,https://www.google.com/maps?q=345%20Main%20St%2C%20Wakefield%2C%20MA%2001880,Contact library staff; timing varies.,Displays/exhibits in public areas.,,,unclaimed,,wakefieldlibrary.org,
Waltham Public Library,library,https://waltham.lib.ma.us/exhibit-and-display-spaces/,BOS,Waltham,"735 Main St, Waltham, MA 02451",,Policy & application provided online; exhibits generally non-commercial.,,Library exhibit spaces feature local artists and community displays.,,,unclaimed,,waltham.lib.ma.us,
Watertown Arts Market,market,https://www.watertownartsmarket.com/,BOS,Watertown,"Arsenal Park, Watertown, MA",MBTA Bus 70 to Arsenal Yards/Park,https://www.google.com/maps/search/?api=1&query=Arsenal+Park%2C+Watertown%2C+MA,,,,,unclaimed,,watertownartsmarket.com,
Watertown Free Public Library - T. Ross Kelly Family Gallery,library,https://watertownlib.org/677/Gallery-Exhibition-Policy?contentId=87612739-ef9b-47a6-afae-734f14c0ed5b,BOS,Watertown,"123 Main St, Watertown, MA 02472",,Follow the Gallery Exhibition Policy to propose exhibits; scheduling managed by the library.,,Monthly exhibits on the 2nd floor in a dedicated gallery space.,,,unclaimed,,watertownlib.org,
Wayland Free Public Library,library,https://waylandlibrary.org/about/policies/exhibit-policy/,BOS,Wayland,"5 Concord Rd, Wayland, MA 01778",,Contact staff per policy; terms and dates vary.,,Exhibits/displays in designated rooms and corridors.,,,unclaimed,,waylandlibrary.org,
Wellesley Free Library - Wakelin Room Exhibits,library,https://www.wellesleyfreelibrary.org/library-info/policies/exhibit-policy/,BOS,Wellesley,"530 Washington St, Wellesley, MA 02482",,https://www.google.com/maps/search/?api=1&query=530+Washington+St%2C+Wellesley%2C+MA+02482,Massachusetts artists may apply; scheduling on a rolling basis; see Exhibit Policy for details.,Ongoing art exhibits at the main library; community-oriented programming.,,,unclaimed,,wellesleyfreelibrary.org,
West Bridgewater Public Library,library,https://westbpl.org/wbpl-gallery/,BOS,West Bridgewater,"80 Howard St, West Bridgewater, MA 02379",,Propose via staff; simple terms; artist handles inquiries.,,Community exhibits/displays at the town library.,,,unclaimed,,westbpl.org,
Weston Public Library,library,https://westonlibrary.org/1535/Art-Gallery,BOS,Weston,"87 School St, Weston, MA 02493",,https://www.google.com/maps?q=87%20School%20St%2C%20Weston%2C%20MA%2002493,Email/call to propose a display; staff schedules calendar.,Community exhibits in public areas of the library.,,,unclaimed,,westonlibrary.org,
Westwood Public Library,library,https://www.westwoodlibrary.org/about/fall-members-exhibit,BOS,Westwood,"660 High St, Westwood, MA 02090",,https://www.google.com/maps?q=660%20High%20St%2C%20Westwood%2C%20MA%2002090,Contact staff for availability and policies.,Displays/exhibits in main library spaces.,,,unclaimed,,westwoodlibrary.org,
Whitman Public Library,library,https://www.whitmanpubliclibrary.org/request-to-exhibit-form,BOS,Whitman,"100 Webster St, Whitman, MA 02382",Commuter Rail (Middleboro/Lakeville Line to Whitman),https://www.google.com/maps/search/?api=1&query=100+Webster+St%2C+Whitman%2C+MA+02382,Submit application online after reviewing policy & waiver; sales are between artists and buyers.,Library displays community art throughout the year.,,,unclaimed,,whitmanpubliclibrary.org,
Wilmington Memorial Library,library,https://www.wilmingtonlibrary.org/about-us/policies-procedures/exhibits-policy/,BOS,Wilmington,"Wilmington Memorial Library, Wilmington, MA",,https://www.google.com/maps?q=Wilmington%20Memorial%20Library%2C%20Wilmington%2C%20MA,Contact staff to propose an exhibit; scheduling governed by library policy.,Public library with displays/exhibits in shared spaces.,,,unclaimed,,wilmingtonlibrary.org,
Winchester Public Library,library,https://www.winpublib.org/art/,BOS,Winchester,"80 Washington St, Winchester, MA 01890",,https://www.google.com/maps?q=80%20Washington%20St%2C%20Winchester%2C%20MA%2001890,Submissions accepted periodically; artists provide hanging-ready work; see site for timing.,Monthly exhibits; free public access.,,,unclaimed,,winpublib.org,
Winthrop Art Association - Annual Spring Festival & Gallery,association,https://winthropartassociation.org/?page_id=867,BOS,Winthrop,"Various sites; Winthrop, MA",,https://www.google.com/maps?q=Winthrop%20MA,Membership exhibits and annual festival calls; check site for prospectuses.,Annual judged exhibition and community arts events by a longstanding association.,,,unclaimed,,winthropartassociation.org,
Winthrop Public Library & Museum,library,https://winthroppubliclibrary.org/adult-programming/art-exhibits/,BOS,Winthrop,"2 Metcalf Square, Winthrop, MA 02152",,https://www.google.com/maps?q=2%20Metcalf%20Square%2C%20Winthrop%2C%20MA%2002152,Contact staff regarding exhibit policies and availability.,Historic library & museum with occasional art displays.,,,unclaimed,,winthroppubliclibrary.org,
Woburn Guild of Artists,association,https://woburnguildofartists.weebly.com/benefits.html,BOS,Woburn,PO Box 3172 Woburn 01801,,https://www.google.com/maps/search/?api=1&query=PO+Box+3172+Woburn+01801,Join as a member to participate in programs and annual exhibits; details posted on the site.,Local art association hosting demonstrations and seasonal member exhibitions.,,,unclaimed,,woburnguildofartists.weebly.com,
Woburn Public Library - Program Room Gallery,library,https://woburnpubliclibrary.org/display-your-artwork/,BOS,Woburn,"45 Pleasant St, Woburn, MA 01801",,https://www.google.com/maps/search/?api=1&query=45+Pleasant+St%2C+Woburn%2C+MA+01801,Apply online; library does not handle sales or insure work; artists manage transactions and logistics.,Monthly exhibitions in the Program Room; free public access.,,,unclaimed,,woburnpubliclibrary.org,
Zatista - Online Gallery,online,https://www.zatista.com/art/sell-art-online/,BOS,Online,N/A,,N/A,"Create profile, list 3-5 works, request review; 45% commission on sales.",Curated e-commerce gallery with commissioned works option.,,,unclaimed,,zatista.com,
Zullo Gallery Center for the Arts,gallery - non-profit,https://zullogallery.org/exhibitions/submit-artwork/,BOS,Medfield,"456 Main St, Medfield, MA 02052",,https://www.google.com/maps?q=456%20Main%20St%2C%20Medfield%2C%20MA%2002052,Calls/proposals posted seasonally; terms vary by show/prospectus.,Long-running nonprofit gallery with rotating exhibits and events in Medfield center.,,,unclaimed,,zullogallery.org,
